anio_desde,anio_hasta,seccion,lugar_o_pais,detalle,fuente
1775,1783,1775–1799,Guerra de Independencia de los Estados Unidos,una lucha armada por la secesión del Imperio británico por parte de las Trece Colonias que posteriormente se convertirían en los Estados Unidos.,https://es.wikipedia.org/wiki/Anexo:Intervenciones_militares_de_los_Estados_Unidos
1776,1777,1775–1799,Guerra Cherokee de 1776,"una serie de conflictos armados en los que los cheroqui lucharon para evitar la invasión de colonos estadounidenses en el este de Tennessee y el este de Kentucky ; bajo el dominio británico, esta tierra se había conservado como territorio nativo.",https://es.wikipedia.org/wiki/Anexo:Intervenciones_militares_de_los_Estados_Unidos
1776,1794,1775–1799,Guerras Cherokee-Estadounidenses,"una continuación de la Segunda Guerra Cherokee, que incluyó un mayor número de tribus nativas que intentaban detener la expansión de los colonos en Kentucky y Tennessee.",https://es.wikipedia.org/wiki/Anexo:Intervenciones_militares_de_los_Estados_Unidos
1785,1795,1775–1799,Guerra de los Indios del Noroeste,una serie de batallas con varias tribus nativas en el actual Ohio . El objetivo de la campaña era afirmar la soberanía estadounidense sobre la región y crear mayores oportunidades de solución.,https://es.wikipedia.org/wiki/Anexo:Intervenciones_militares_de_los_Estados_Unidos
1786,1787,1775–1799,Rebelión de Shays,la revuelta de un deudor del oeste de Massachusetts por una restricción crediticia que había devastado financieramente a muchos agricultores. El gobierno federal fue fiscalmente incapaz de formar un ejército para ayudar a la milicia estatal a combatir el levantamiento; la debilidad del gobierno nacional reforzó los argumentos a favor de reemplazar los Artículos de la Confederación con un marco gubernamental actualizado.,https://es.wikipedia.org/wiki/Anexo:Intervenciones_militares_de_los_Estados_Unidos
1791,1794,1775–1799,Rebelión del Whiskey,"una serie de protestas contra la institución de un impuesto federal sobre la destilación de bebidas espirituosas como fuente de ingresos para pagar los bonos de guerra de la nación. La revuelta se centró en el suroeste de Pensilvania , aunque la violencia se produjo en toda la región Transapalache .",https://es.wikipedia.org/wiki/Anexo:Intervenciones_militares_de_los_Estados_Unidos
1798,1800,1775–1799,Cuasi-Guerra,"una guerra naval no declarada con la Primera República Francesa por el incumplimiento estadounidense de su deuda de guerra. Otro factor que contribuyó fue la continuación del comercio estadounidense con Gran Bretaña, con quien sus antiguos aliados franceses estaban en guerra. Esta contienda incluyó acciones terrestres, como la de la ciudad dominicana de Puerto Plata , donde marines estadounidenses capturaron un buque francés bajo los cañones de los fuertes. El Congreso autorizó la acción militar a través de una serie de estatutos. [ 13 ] ​",https://es.wikipedia.org/wiki/Anexo:Intervenciones_militares_de_los_Estados_Unidos
1799,1800,1775–1799,Rebelión de Fries,una serie de protestas contra la promulgación de nuevos impuestos inmobiliarios para pagar la Cuasi-Guerra. Las hostilidades se concentraron en las comunidades de los holandeses de Pensilvania .,https://es.wikipedia.org/wiki/Anexo:Intervenciones_militares_de_los_Estados_Unidos
1801,1805,1800s,Primera guerra berberisca,"una serie de batallas navales en el Mediterráneo contra el Reino de Trípoli , un estado casi independiente del Imperio otomano . La acción fue en respuesta a la captura de numerosos barcos estadounidenses por parte de los piratas de Berbería . El gobierno federal rechazó la solicitud tripolitana de un tributo anual para garantizar un paso seguro, y se produjo un bloqueo naval estadounidense. Después de la toma del USS Philadelphia , las fuerzas estadounidenses al mando de William Eaton invadieron las ciudades costeras. Un tratado de paz resultó en el pago de un rescate por el regreso de los soldados estadounidenses capturados y sólo alivió temporalmente las hostilidades. [ 13 ] ​",https://es.wikipedia.org/wiki/Anexo:Intervenciones_militares_de_los_Estados_Unidos
1806,1806,1800s,Expedición Pike,"En una expedición exploratoria ordenada por el general James Wilkinson , un pelotón del ejército al mando del capitán Zebulon Pike ingresó involuntariamente al México español en las cabeceras del Río Grande . Pike y sus tropas fueron hechos prisioneros sin resistencia en un fuerte que construyó en el actual Colorado , llevados a México y luego liberados tras la confiscación de sus documentos. [ 14 ] ​",https://es.wikipedia.org/wiki/Anexo:Intervenciones_militares_de_los_Estados_Unidos
1806,1810,1800s,Acción en el Golfo de México,"cañoneras estadounidenses operaron desde Nueva Orleans contra corsarios españoles y franceses frente al delta del Misisipi , principalmente al mando del capitán John Shaw y el comodoro David Porter . [ 13 ] ​",https://es.wikipedia.org/wiki/Anexo:Intervenciones_militares_de_los_Estados_Unidos
1810,1810,1810s,Florida Occidental (territorio español),"El gobernador William C. C. Claiborne de Luisiana , por orden del presidente James Madison , ocupó con tropas el territorio en disputa al este del río Misisipi hasta el río Pearl , más tarde límite oriental de Luisiana. Se le autorizó a apoderarse de zonas tan al este como el río Perdido . [ 15 ] ​",https://es.wikipedia.org/wiki/Anexo:Intervenciones_militares_de_los_Estados_Unidos
1812,1812,1810s,"Isla Amelia y otras partes del este de Florida , entonces bajo España","la posesión temporal fue autorizada por el presidente James Madison y por el Congreso, para evitar la ocupación por cualquier otra potencia; pero el general George Mathews obtuvo la posesión de manera tan irregular que sus medidas fueron rechazadas por el presidente. [ 16 ] ​",https://es.wikipedia.org/wiki/Anexo:Intervenciones_militares_de_los_Estados_Unidos
1812,1815,1810s,Guerra de 1812,"El 18 de junio de 1812, Estados Unidos declaró la guerra al Reino Unido. Entre las cuestiones que condujeron a la guerra se encontraban la requisición británica de marineros estadounidenses a la Royal Navy , la interceptación de barcos neutrales y los bloqueos de los Estados Unidos durante las hostilidades británicas con Francia, y el apoyo a los ataques indios contra los colonos estadounidenses en el Territorio del Noroeste . [ 17 ] ​ La guerra terminó con la Batalla de Nueva Orleans en 1815.",https://es.wikipedia.org/wiki/Anexo:Intervenciones_militares_de_los_Estados_Unidos
1813,1813,1810s,Florida Occidental (territorio español),"Con la autoridad otorgada por el Congreso, el general Wilkinson se apoderó de la bahía de Mobile en abril con 600 soldados. Una pequeña guarnición española cedió. Así, las tropas estadounidenses avanzaron hacia el territorio en disputa hasta el río Perdido , como se proyectó en 1810. No hubo combates. [ 18 ] ​",https://es.wikipedia.org/wiki/Anexo:Intervenciones_militares_de_los_Estados_Unidos
1813,1814,1810s,Campaña de Nuku Hiva,"las fuerzas estadounidenses construyeron un fuerte en la isla de Nuku Hiva en las Islas Marquesas (ahora parte de la Polinesia Francesa ) para proteger tres barcos premiados que habían sido capturados a los británicos. Posteriormente, la fuerza estadounidense luchó con y contra las tribus nativas. [ 19 ] ​",https://es.wikipedia.org/wiki/Anexo:Intervenciones_militares_de_los_Estados_Unidos
1814,1814,1810s,Florida española,el general Andrew Jackson tomó Pensacola y expulsó a las fuerzas británicas. [ 20 ] ​,https://es.wikipedia.org/wiki/Anexo:Intervenciones_militares_de_los_Estados_Unidos
1814,1825,1810s,Caribe,"Los enfrentamientos entre piratas y barcos o escuadrones de la Armada de los Estados Unidos se produjeron repetidamente, especialmente en tierra y mar adentro de Cuba , Puerto Rico , Santo Domingo y Yucatán . Se informaron tres mil ataques piratas a barcos mercantes entre 1815 y 1823. En 1822, el comodoro James Biddle empleó un escuadrón de dos fragatas, cuatro balandras de guerra, dos bergantines, cuatro goletas y dos cañoneras en las Indias Occidentales . [ 21 ] ​",https://es.wikipedia.org/wiki/Anexo:Intervenciones_militares_de_los_Estados_Unidos
1815,1815,1810s,Argel,"La Segunda Guerra Berberisca es declarada contra Estados Unidos por el Dey de Argel de los estados de Berbería , acto no correspondido por Estados Unidos. El Congreso autorizó una expedición militar por estatuto. Una gran flota al mando del capitán Stephen Decatur atacó Argel y obtuvo indemnizaciones.",https://es.wikipedia.org/wiki/Anexo:Intervenciones_militares_de_los_Estados_Unidos
1815,1815,1810s,Trípoli,"Después de conseguir un acuerdo con Argel, el capitán Stephen Decatur se manifestó con su escuadrón en Túnez y Trípoli, donde consiguió indemnizaciones por delitos cometidos durante la Guerra de 1812. [ 22 ] ​",https://es.wikipedia.org/wiki/Anexo:Intervenciones_militares_de_los_Estados_Unidos
1816,1816,1810s,Florida española,"las fuerzas estadounidenses destruyeron el Fuerte Negro , que albergaba a esclavos fugitivos que realizaban incursiones en territorio estadounidense. [ 23 ] ​",https://es.wikipedia.org/wiki/Anexo:Intervenciones_militares_de_los_Estados_Unidos
1816,1818,1810s,Florida española – Primera guerra seminola,"Los indios Seminola , cuya zona era un refugio para esclavos fugitivos y rufianes fronterizos, fueron atacados por tropas al mando del general Jackson y el general Edmund P. Gaines y perseguidos hasta el norte de Florida. Los puestos españoles fueron atacados y ocupados y los ciudadanos británicos ejecutados. En 1819 las Floridas fueron cedidas a Estados Unidos . [ 24 ] ​",https://es.wikipedia.org/wiki/Anexo:Intervenciones_militares_de_los_Estados_Unidos
1817,1817,1810s,Isla Amelia (territorio español frente a Florida),"bajo órdenes del presidente James Monroe , las fuerzas estadounidenses desembarcaron y expulsaron a un grupo de contrabandistas, aventureros y filibusteros. Este episodio de la historia de Florida se conoció como el Asunto de Amelia Island . [ 25 ] ​",https://es.wikipedia.org/wiki/Anexo:Intervenciones_militares_de_los_Estados_Unidos
1818,1818,1810s,Oregón,"el USS Ontario , enviado desde Washington, desembarcó en la desembocadura del río Columbia para hacer valer los reclamos estadounidenses. Gran Bretaña había cedido soberanía, pero Rusia y España reclamaron la zona. [ 26 ] ​ Posteriormente, los reclamos estadounidenses y británicos sobre el territorio de Oregón se resolvieron con el Tratado de Oregón de 1846. [ 27 ] ​",https://es.wikipedia.org/wiki/Anexo:Intervenciones_militares_de_los_Estados_Unidos
1820,1823,1820s,África,unidades navales atacaron el tráfico de esclavos de conformidad con la ley del Congreso de 1819. [ 28 ] ​ [ 29 ] ​,https://es.wikipedia.org/wiki/Anexo:Intervenciones_militares_de_los_Estados_Unidos
1822,1822,1820s,Cuba española,las fuerzas navales estadounidenses que reprimen la piratería desembarcan en la costa noroeste de Cuba e incendian una estación pirata. [ 30 ] ​,https://es.wikipedia.org/wiki/Anexo:Intervenciones_militares_de_los_Estados_Unidos
1823,1823,1820s,Cuba,El 8 de abril se produjeron breves desembarcos en persecución de piratas cerca de Escondido ; 16 de abril cerca de Cayo Blanco ; 11 de julio en la Bahía de Siquapa ; 21 de julio en Cabo Cruz ; y el 23 de octubre en Camarioca . [ 31 ] ​,https://es.wikipedia.org/wiki/Anexo:Intervenciones_militares_de_los_Estados_Unidos
1823,1823,1820s,,Guerra de Arikara .,https://es.wikipedia.org/wiki/Anexo:Intervenciones_militares_de_los_Estados_Unidos
1824,1824,1820s,Cuba,"En octubre, el USS Porpoise desembarcó marineros cerca de Matanzas en busca de piratas. Esto fue durante el crucero autorizado en 1822. [ 32 ] ​",https://es.wikipedia.org/wiki/Anexo:Intervenciones_militares_de_los_Estados_Unidos
1824,1824,1820s,Puerto Rico (territorio español),"el comodoro David Porter con un grupo de desembarco atacó el pueblo de Fajardo que había albergado a piratas e insultado a oficiales navales. Aterrizó con 200 hombres en noviembre y obligó a disculparse. Posteriormente, el comodoro Porter fue sometido a un consejo de guerra por extralimitarse en sus poderes. [ 33 ] ​",https://es.wikipedia.org/wiki/Anexo:Intervenciones_militares_de_los_Estados_Unidos
1825,1825,1820s,Cuba,"En marzo, fuerzas estadounidenses y británicas que cooperaron desembarcaron en Sagua La Grande para capturar piratas. [ 34 ] ​",https://es.wikipedia.org/wiki/Anexo:Intervenciones_militares_de_los_Estados_Unidos
1827,1827,1820s,Grecia,"En octubre y noviembre, grupos de desembarco cazaron piratas en las islas mediterráneas de Argentiere (Kimolos) , Miconos y Andros . [ 35 ] ​",https://es.wikipedia.org/wiki/Anexo:Intervenciones_militares_de_los_Estados_Unidos
1831,1831,1830s,Islas Malvinas,"Ataque del USS Lexington a Puerto Soledad : El capitán Silas Duncan del USS Lexington atacó, saqueó e incendió Puerto Soledad (entonces bajo control de las Provincias Unidas del Río de la Plata ). Esto fue en respuesta a la captura de tres veleros estadounidenses que fueron detenidos después de ignorar las órdenes de detener la depredación de los recursos pesqueros locales sin el permiso del gobierno de las Provincias Unidas. [ 36 ] ​",https://es.wikipedia.org/wiki/Anexo:Intervenciones_militares_de_los_Estados_Unidos
1832,1832,1830s,Primera expedición a Sumatra,"Sumatra , Indonesia . Del 6 al 9 de febrero, las fuerzas estadounidenses al mando del comodoro John Downes a bordo de la fragata USS Potomac desembarcaron y asaltaron un fuerte para castigar a los nativos de la ciudad de Quallah Battoo por saquear el carguero estadounidense Friendship . [ 37 ] ​",https://es.wikipedia.org/wiki/Anexo:Intervenciones_militares_de_los_Estados_Unidos
1833,1833,1830s,Argentina,31 de octubre al 15 de noviembre. Se envió una fuerza a tierra en Buenos Aires para proteger los intereses de Estados Unidos y otros países durante una insurrección. [ 38 ] ​,https://es.wikipedia.org/wiki/Anexo:Intervenciones_militares_de_los_Estados_Unidos
1835,1836,1830s,Perú,"Del 10 de diciembre de 1835 al 24 de enero de 1836 y del 31 de agosto al 7 de diciembre de 1836, los marines protegieron los intereses estadounidenses en el Callao y Lima durante un intento de revolución. [ 39 ] ​",https://es.wikipedia.org/wiki/Anexo:Intervenciones_militares_de_los_Estados_Unidos
1835,1842,1830s,Territorio de Florida,la Marina de los Estados Unidos apoya los esfuerzos del ejército para sofocar levantamientos y ataques a civiles por parte de los indios seminolas . Los esfuerzos del gobierno para reubicar a los seminolas al oeste del Misisipi se ven obstaculizados por siete años de guerra.,https://es.wikipedia.org/wiki/Anexo:Intervenciones_militares_de_los_Estados_Unidos
1838,1838,1830s,"El asunto Caroline en Navy Island , Alto Canadá","Después del fracaso de la Rebelión del Alto Canadá de 1837 que favoreció la democracia canadiense y la independencia del Imperio Británico ; William Lyon Mackenzie y sus rebeldes huyeron a Navy Island donde declararon la República de Canadá . Los simpatizantes estadounidenses enviaron suministros al SS Caroline , que fue interceptado por los británicos e incendiado, después de matar a un estadounidense. Se informó falsamente que decenas de estadounidenses murieron al quedar atrapados a bordo, y las fuerzas estadounidenses tomaron represalias quemando un vapor británico mientras se encontraba en aguas estadounidenses.",https://es.wikipedia.org/wiki/Anexo:Intervenciones_militares_de_los_Estados_Unidos
1838,1839,1830s,Segunda expedición a Sumatra,"Sumatra, Indonesia. Del 24 de diciembre al 4 de enero, una fuerza naval desembarcó para castigar a los nativos de las ciudades de Quallah Battoo y Muckie (Mukki) por depredaciones a la navegación estadounidense. [ 40 ] ​",https://es.wikipedia.org/wiki/Anexo:Intervenciones_militares_de_los_Estados_Unidos
1840,1840,1840s,Islas Fiji,"En julio, las fuerzas navales desembarcaron para castigar a los nativos por atacar la Expedición Exploradora de Estados Unidos . [ 41 ] ​",https://es.wikipedia.org/wiki/Anexo:Intervenciones_militares_de_los_Estados_Unidos
1841,1841,1840s,"Isla McKean (Isla Drummond/Taputenea), Islas Gilbert (Grupo Kingsmill), Océano Pacífico",Un grupo naval desembarcó para vengar el asesinato de un marinero a manos de los nativos. [ 42 ] ​,https://es.wikipedia.org/wiki/Anexo:Intervenciones_militares_de_los_Estados_Unidos
1841,1841,1840s,Samoa,"El 24 de febrero, un grupo naval desembarcó y quemó ciudades tras el asesinato de un marinero estadounidense en Upolu . [ 43 ] ​",https://es.wikipedia.org/wiki/Anexo:Intervenciones_militares_de_los_Estados_Unidos
1842,1842,1840s,México,"el comodoro Thomas ap Catesby Jones , al mando de un escuadrón que navegaba durante mucho tiempo frente a California, ocupó Monterey, California , el 19 de octubre, creyendo que había llegado la guerra. Descubrió la paz, se retiró y saludó. Un incidente similar ocurrió una semana después en San Diego . [ 44 ] ​",https://es.wikipedia.org/wiki/Anexo:Intervenciones_militares_de_los_Estados_Unidos
1843,1843,1840s,China,Marineros y marines del USS St. Louis desembarcan tras un enfrentamiento entre estadounidenses y chinos en el puesto comercial de Cantón . [ 45 ] ​,https://es.wikipedia.org/wiki/Anexo:Intervenciones_militares_de_los_Estados_Unidos
1843,1843,1840s,África,"del 29 de noviembre al 16 de diciembre, cuatro barcos estadounidenses se manifestaron y desembarcaron varios grupos (uno de 200 infantes de marina y marineros) para desalentar la piratería y la trata de esclavos a lo largo de Costa de Marfil y castigar los ataques de los nativos a los marineros y barcos estadounidenses. [ 46 ] ​",https://es.wikipedia.org/wiki/Anexo:Intervenciones_militares_de_los_Estados_Unidos
1844,1844,1840s,México,"el presidente John Tyler desplegó fuerzas estadounidenses para proteger Texas contra México, pendiente de la aprobación por el Senado de un tratado de anexión (que luego fue rechazado). Defendió su acción contra una resolución de investigación del Senado. [ 47 ] ​",https://es.wikipedia.org/wiki/Anexo:Intervenciones_militares_de_los_Estados_Unidos
1846,1848,1840s,Guerra méxicano-estadounidense,"El 13 de mayo de 1846, Estados Unidos reconoció la existencia de un estado de guerra con México. Después de la anexión de Texas en 1845, Estados Unidos y México no lograron resolver una disputa fronteriza y el presidente Polk dijo que era necesario desplegar fuerzas en México para hacer frente a una amenaza de invasión.",https://es.wikipedia.org/wiki/Anexo:Intervenciones_militares_de_los_Estados_Unidos
1849,1849,1840s,"Esmirna (Esmirna, Turquía)","En julio, una fuerza naval logró la liberación de un estadounidense capturado por funcionarios austriacos . [ 50 ] ​",https://es.wikipedia.org/wiki/Anexo:Intervenciones_militares_de_los_Estados_Unidos
1851,1851,1850s,Imperio otomano,"Después de una masacre de extranjeros (incluidos estadounidenses) en Jaffa en enero, se ordenó una manifestación del Escuadrón Mediterráneo a lo largo de la costa turca ( levantina ). [ 51 ] ​",https://es.wikipedia.org/wiki/Anexo:Intervenciones_militares_de_los_Estados_Unidos
1851,1851,1850s,"Isla Johanna (actual Anjouan , al este de África)","en agosto, las fuerzas del balandro de guerra USS Dale exigieron reparación por el encarcelamiento ilegal del capitán de un bergantín ballenero estadounidense. [ 52 ] ​",https://es.wikipedia.org/wiki/Anexo:Intervenciones_militares_de_los_Estados_Unidos
1852,1853,1850s,Argentina,3 al 12 de febrero de 1852; 17 de septiembre de 1852 a abril de 1853: Los marines fueron desembarcados y mantenidos en Buenos Aires para proteger los intereses estadounidenses durante una revolución. [ 53 ] ​,https://es.wikipedia.org/wiki/Anexo:Intervenciones_militares_de_los_Estados_Unidos
1853,1853,1850s,Nicaragua,"Del 11 al 13 de marzo, las fuerzas estadounidenses desembarcaron para proteger las vidas y los intereses estadounidenses durante los disturbios políticos. [ 54 ] ​",https://es.wikipedia.org/wiki/Anexo:Intervenciones_militares_de_los_Estados_Unidos
1853,1854,1850s,Japón,"El comodoro Matthew Perry y su expedición hicieron una demostración de fuerza que condujo a la "" apertura de Japón "". [ 55 ] ​",https://es.wikipedia.org/wiki/Anexo:Intervenciones_militares_de_los_Estados_Unidos
1853,1854,1850s,Islas Ryukyu y Bonin (Japón),"El comodoro Matthew Perry , en tres visitas antes de ir a Japón y mientras esperaba una respuesta de Japón, hizo una demostración naval, desembarcó marines dos veces y obtuvo una concesión de carbón del gobernante de Naha en Okinawa ; También se manifestó en las Islas Bonin con el propósito de asegurar facilidades para el comercio. [ 56 ] ​",https://es.wikipedia.org/wiki/Anexo:Intervenciones_militares_de_los_Estados_Unidos
1854,1854,1850s,China,"Del 4 de abril al 17 de junio, barcos estadounidenses y británicos desembarcaron fuerzas para proteger los intereses estadounidenses en Shanghái y sus alrededores durante el conflicto civil chino. [ 57 ] ​",https://es.wikipedia.org/wiki/Anexo:Intervenciones_militares_de_los_Estados_Unidos
1854,1854,1850s,Costa de los Mosquitos (Nicaragua),"Del 9 al 15 de julio, las fuerzas navales bombardearon y quemaron San Juan del Norte ( Greytown ) para vengar a los heridos durante un motín contra el ministro estadounidense en Nicaragua. [ 58 ] ​",https://es.wikipedia.org/wiki/Anexo:Intervenciones_militares_de_los_Estados_Unidos
1855,1855,1850s,China,"Del 19 al 21 de mayo, las fuerzas estadounidenses protegieron los intereses estadounidenses en Shanghái y, del 3 al 5 de agosto, lucharon contra los piratas cerca de Hong Kong . [ 59 ] ​",https://es.wikipedia.org/wiki/Anexo:Intervenciones_militares_de_los_Estados_Unidos
1855,1855,1850s,Islas Fiji,"del 12 de septiembre al 4 de noviembre, una fuerza naval desembarcó para buscar reparaciones por los ataques a residentes y marineros estadounidenses. [ 60 ] ​",https://es.wikipedia.org/wiki/Anexo:Intervenciones_militares_de_los_Estados_Unidos
1855,1855,1850s,Uruguay,"Del 25 al 29 de noviembre, las fuerzas navales estadounidenses y europeas desembarcaron para proteger los intereses estadounidenses durante un intento de revolución en Montevideo . [ 61 ] ​",https://es.wikipedia.org/wiki/Anexo:Intervenciones_militares_de_los_Estados_Unidos
1856,1856,1850s,"Estado de Panamá , República de Nueva Granada","Del 19 al 22 de septiembre, las fuerzas estadounidenses desembarcaron para proteger los intereses estadounidenses durante una insurrección. [ 62 ] ​",https://es.wikipedia.org/wiki/Anexo:Intervenciones_militares_de_los_Estados_Unidos
1856,1856,1850s,China,"Del 22 de octubre al 6 de diciembre, las fuerzas estadounidenses desembarcaron para proteger los intereses estadounidenses en Cantón durante las hostilidades entre británicos y chinos, y para vengar un asalto a un barco desarmado que enarbolaba la bandera de los Estados Unidos . [ 63 ] ​",https://es.wikipedia.org/wiki/Anexo:Intervenciones_militares_de_los_Estados_Unidos
1857,1858,1850s,Guerra de Utah,"La Guerra de Utah fue una disputa entre los colonos mormones en el territorio de Utah y el gobierno federal de los Estados Unidos. Los mormones y Washington buscaron cada uno el control sobre el gobierno del territorio, resultando victorioso el gobierno nacional. El enfrentamiento entre la milicia mormona y el ejército estadounidense implicó cierta destrucción de propiedades, pero no batallas reales entre las fuerzas militares contendientes.",https://es.wikipedia.org/wiki/Anexo:Intervenciones_militares_de_los_Estados_Unidos
1857,1857,1850s,Nicaragua,"Abril a mayo, noviembre a diciembre. En mayo, el comandante Charles Henry Davis de la Armada de Estados Unidos, junto con algunos marines, recibieron la rendición de William Walker , autoproclamado presidente de Nicaragua, quien estaba perdiendo el control del país ante fuerzas financiadas por su ex socio comercial, Cornelius Vanderbilt . y protegió a sus hombres de las represalias de los aliados nativos que habían estado luchando contra Walker. En noviembre y diciembre del mismo año, los buques estadounidenses USS Saratoga , USS Wabash y Fulton se opusieron a otro intento de William Walker en Nicaragua. El acto del comodoro Hiram Paulding de desembarcar marines y obligar a la expulsión de Walker a los Estados Unidos fue tácitamente rechazado por el Secretario de Estado Lewis Cass , y Paulding se vio obligado a retirarse. [ 64 ] ​",https://es.wikipedia.org/wiki/Anexo:Intervenciones_militares_de_los_Estados_Unidos
1858,1858,1850s,Uruguay,"Del 2 al 27 de enero, fuerzas de dos buques de guerra estadounidenses desembarcaron para proteger propiedades estadounidenses durante una revolución en Montevideo . [ 65 ] ​",https://es.wikipedia.org/wiki/Anexo:Intervenciones_militares_de_los_Estados_Unidos
1858,1858,1850s,Islas Fiji,"Del 6 al 16 de octubre, una expedición marina con el USS Vandalia mató a 14 nativos y quemó 115 cabañas en represalia por el asesinato de dos ciudadanos estadounidenses en la isla Waya . [ 66 ] ​",https://es.wikipedia.org/wiki/Anexo:Intervenciones_militares_de_los_Estados_Unidos
1858,1859,1850s,Imperio otomano,"el secretario de Estado Lewis Cass solicitó una exhibición de fuerza naval a lo largo del Levante después de una masacre de estadounidenses en Jaffa y malos tratos en otros lugares ""para recordar a las autoridades (del Imperio Otomano) el poder de los Estados Unidos."" [ 67 ] ​",https://es.wikipedia.org/wiki/Anexo:Intervenciones_militares_de_los_Estados_Unidos
1859,1859,1850s,Paraguay,El Congreso autorizó a una escuadra naval a buscar reparación por un ataque a un buque de guerra en el río Paraná durante 1855. Se presentaron disculpas después de una gran demostración de fuerza. [ 68 ] ​,https://es.wikipedia.org/wiki/Anexo:Intervenciones_militares_de_los_Estados_Unidos
1859,1859,1850s,México,Doscientos soldados estadounidenses cruzan el Río Grande en persecución del nacionalista mexicano Juan Cortina . [ 69 ] ​ [ 70 ] ​,https://es.wikipedia.org/wiki/Anexo:Intervenciones_militares_de_los_Estados_Unidos
1859,1859,1850s,China,"del 31 de julio al 2 de agosto, una fuerza naval desembarca para proteger los intereses estadounidenses en Shanghái . [ 71 ] ​",https://es.wikipedia.org/wiki/Anexo:Intervenciones_militares_de_los_Estados_Unidos
1860,1860,1860s,"Angola , África Occidental Portuguesa","El 1 de marzo, los residentes estadounidenses en Kissembo pidieron a los barcos estadounidenses y británicos que protegieran vidas y propiedades durante los problemas con los nativos. [ 72 ] ​",https://es.wikipedia.org/wiki/Anexo:Intervenciones_militares_de_los_Estados_Unidos
1860,1860,1860s,Colombia ( Bahía de Panamá ),"Del 27 de septiembre al 8 de octubre, fuerzas navales desembarcaron para proteger los intereses estadounidenses durante una revolución. [ 73 ] ​",https://es.wikipedia.org/wiki/Anexo:Intervenciones_militares_de_los_Estados_Unidos
1861,1865,1860s,Guerra civil estadounidense,Una guerra importante entre los Estados Unidos ( la Unión ) y once estados del Sur que declararon que tenían derecho a la secesión y formaron los Estados Confederados de América .,https://es.wikipedia.org/wiki/Anexo:Intervenciones_militares_de_los_Estados_Unidos
1863,1863,1860s,Japón,"16 de julio, batalla del estrecho de Shimonoseki : el USS Wyoming tomó represalias contra un disparo contra el buque estadounidense Pembroke en el estrecho de Shimonoseki . [ 74 ] ​",https://es.wikipedia.org/wiki/Anexo:Intervenciones_militares_de_los_Estados_Unidos
1864,1864,1860s,Japón,"Del 14 de julio al 3 de agosto, las fuerzas navales protegieron al ministro de los Estados Unidos en Japón cuando visitó Yedo para negociar algunas reclamaciones estadounidenses contra Japón y facilitar sus negociaciones impresionando a los japoneses con el poder estadounidense. [ 75 ] ​",https://es.wikipedia.org/wiki/Anexo:Intervenciones_militares_de_los_Estados_Unidos
1864,1864,1860s,Japón,"Del 4 al 14 de septiembre, como parte de la campaña de Shimonoseki , las fuerzas navales de los Estados Unidos, Gran Bretaña , Francia y los Países Bajos obligaron a Japón y al Príncipe de Nagato en particular permitir que el estrecho de Shimonoseki sea utilizado por barcos extranjeros de conformidad con los tratados ya firmados. [ 76 ] ​",https://es.wikipedia.org/wiki/Anexo:Intervenciones_militares_de_los_Estados_Unidos
1865,1865,1860s,Panamá,"El 9 y 10 de marzo, las fuerzas estadounidenses protegieron las vidas y propiedades de los residentes estadounidenses durante una revolución. [ 77 ] ​",https://es.wikipedia.org/wiki/Anexo:Intervenciones_militares_de_los_Estados_Unidos
1865,1877,1860s,Sur de Estados Unidos – Reconstrucción después de la guerra civil estadounidense,el Sur se divide en cinco distritos de ocupación de la Unión según la Ley de Reconstrucción .,https://es.wikipedia.org/wiki/Anexo:Intervenciones_militares_de_los_Estados_Unidos
1866,1866,1860s,México,"Para proteger a los residentes estadounidenses, el general Sedgwick y 100 hombres obtuvieron en noviembre la rendición de Matamoros , en el estado fronterizo de Tamaulipas . Después de tres días, el gobierno de Estados Unidos le ordenó retirarse. Su acto fue repudiado por el presidente Andrew Johnson . [ 78 ] ​",https://es.wikipedia.org/wiki/Anexo:Intervenciones_militares_de_los_Estados_Unidos
1866,1866,1860s,China,"del 20 de junio al 7 de julio, las fuerzas estadounidenses castigaron un asalto al cónsul estadounidense en Newchwang . [ 79 ] ​",https://es.wikipedia.org/wiki/Anexo:Intervenciones_militares_de_los_Estados_Unidos
1866,1868,1860s,Guerra de Nube Roja,"guerra contra los grupos de nativos americanos Lakota Sioux , Cheyene y Arapajó por el control del territorio del río Powder y la seguridad de Bozeman Trail en Wyoming y Montana . Las tribus indias aliadas lograron una victoria en la Lucha de Fetterman y pudieron negociar términos de paz favorables en el Tratado de Fort Laramie (1868) , que estableció la Gran Reserva Sioux .",https://es.wikipedia.org/wiki/Anexo:Intervenciones_militares_de_los_Estados_Unidos
1867,1867,1860s,Nicaragua,Los marines ocupan Managua y León .,https://es.wikipedia.org/wiki/Anexo:Intervenciones_militares_de_los_Estados_Unidos
1867,1867,1860s,Formosa (isla de Taiwán),"El 13 de junio, una fuerza naval desembarcó y quemó varias chozas para castigar el asesinato de la tripulación de un barco estadounidense naufragado.",https://es.wikipedia.org/wiki/Anexo:Intervenciones_militares_de_los_Estados_Unidos
1868,1868,1860s,"Japón ( Osaka , Hiolo, Nagasaki , Yokohama y Niigata )","4 al 8 de febrero, 4 de abril al 12 de mayo, 12 y 13 de junio. Desembarcaron fuerzas estadounidenses para proteger los intereses estadounidenses durante una guerra civil ( Guerra Boshin ) en Japón. [ 80 ] ​",https://es.wikipedia.org/wiki/Anexo:Intervenciones_militares_de_los_Estados_Unidos
1868,1868,1860s,Uruguay,"Del 7 al 8 de febrero y del 19 al 26 de febrero, las fuerzas estadounidenses protegieron a los residentes extranjeros y la aduana durante una insurrección en Montevideo . [ 81 ] ​",https://es.wikipedia.org/wiki/Anexo:Intervenciones_militares_de_los_Estados_Unidos
1868,1868,1860s,Colombia,"En abril, las fuerzas estadounidenses protegieron a los pasajeros y el tesoro en tránsito en Aspinwall durante la ausencia de la policía o tropas locales con motivo de la muerte del presidente Manuel Murillo Toro . [ 82 ] ​",https://es.wikipedia.org/wiki/Anexo:Intervenciones_militares_de_los_Estados_Unidos
1870,1870,1870s,Batalla de Boca Teacapan,"El 17 y 18 de junio, las fuerzas estadounidenses destruyeron el barco pirata Forward , que había encallado a unas 40 millas del estuario de Teacapan en México. [ 83 ] ​",https://es.wikipedia.org/wiki/Anexo:Intervenciones_militares_de_los_Estados_Unidos
1871,1871,1870s,Corea,"Shinmiyangyo – 10 al 12 de junio, una fuerza naval estadounidense atacó y capturó cinco fuertes para forzar negociaciones estancadas sobre acuerdos comerciales y castigar a los nativos por las depredaciones a los estadounidenses, en particular por ejecutar a la tripulación del General Sherman y quemar la goleta (lo que a su vez ocurrió porque la tripulación había robado comida y secuestrado a un funcionario coreano), y por disparar posteriormente contra otras pequeñas embarcaciones estadounidenses que realizaban sondeos en el río Salee. [ 84 ] ​",https://es.wikipedia.org/wiki/Anexo:Intervenciones_militares_de_los_Estados_Unidos
1873,1873,1870s,Colombia ( Bahía de Panamá ),"7 al 22 de mayo, 23 de septiembre al 9 de octubre. Las fuerzas estadounidenses protegieron los intereses estadounidenses durante las hostilidades entre grupos locales por el control del gobierno del Estado de Panamá . [ 85 ] ​",https://es.wikipedia.org/wiki/Anexo:Intervenciones_militares_de_los_Estados_Unidos
1873,1896,1870s,México,las tropas estadounidenses cruzaron la frontera mexicana repetidamente en persecución de ladrones de ganado y otros bandidos. [ 86 ] ​,https://es.wikipedia.org/wiki/Anexo:Intervenciones_militares_de_los_Estados_Unidos
1874,1874,1870s,Motín en el juzgado de Honolulu,"Del 12 al 20 de febrero, se desembarcaron destacamentos de barcos estadounidenses para proteger los intereses de los estadounidenses que vivían en el Reino de Hawái durante la coronación del rey Kalākaua . [ 87 ] ​",https://es.wikipedia.org/wiki/Anexo:Intervenciones_militares_de_los_Estados_Unidos
1876,1876,1870s,México,"El 18 de mayo, una fuerza estadounidense desembarcó para vigilar la ciudad de Matamoros , México, temporalmente mientras se encontraba sin otro gobierno. [ 88 ] ​",https://es.wikipedia.org/wiki/Anexo:Intervenciones_militares_de_los_Estados_Unidos
1876,1877,1870s,"Gran Guerra Sioux en el territorio de Dakota , el territorio de Wyoming y el territorio de Montana","conflicto armado con los pueblos Lakota Sioux y Cheyene por la posesión de Black Hills , tras el descubrimiento de oro allí. A pesar de las victorias de los nativos americanos como la Batalla de Little Bighorn , el gobierno de Estados Unidos prevaleció, lo que obligó a las tribus a regresar a sus reservas .",https://es.wikipedia.org/wiki/Anexo:Intervenciones_militares_de_los_Estados_Unidos
1878,1878,1870s,"Condado de Lincoln , Nuevo México","Del 15 al 19 de julio, durante la Batalla de Lincoln (parte de la Guerra del condado de Lincoln ), 150 hombres de caballería llegaron desde Fort Stanton , bajo el mando del teniente George Smith (más tarde coronel Nathan Dudley ) para ayudar a la Facción Murphy-Dolan a atacar al grupo de vigilantes Reguladores del Condado de Lincoln .",https://es.wikipedia.org/wiki/Anexo:Intervenciones_militares_de_los_Estados_Unidos
1882,1882,1880s,Expedición a Egipto,"Del 14 al 18 de julio, las fuerzas estadounidenses desembarcaron para proteger los intereses estadounidenses durante la guerra anglo-egipcia y el saqueo de la ciudad de Alejandría por parte de los árabes. [ 89 ] ​",https://es.wikipedia.org/wiki/Anexo:Intervenciones_militares_de_los_Estados_Unidos
1885,1885,1880s,Colombia ( Colón ),"18 y 19 de enero, fuerzas estadounidenses fueron utilizadas para custodiar los objetos de valor en tránsito por el Ferrocarril de Panamá , y las cajas fuertes y bóvedas de la empresa durante la actividad revolucionaria. En marzo, abril y mayo en las ciudades de Colón y Panamá , las fuerzas ayudaron a restablecer la libertad de tránsito durante la actividad revolucionaria (véase Quema de Colón ). [ 90 ] ​",https://es.wikipedia.org/wiki/Anexo:Intervenciones_militares_de_los_Estados_Unidos
1888,1888,1880s,Corea,"Junio, se envió una fuerza naval a tierra para proteger a los residentes estadounidenses en Seúl durante condiciones políticas inestables, cuando se esperaba un brote de población. [ 91 ] ​",https://es.wikipedia.org/wiki/Anexo:Intervenciones_militares_de_los_Estados_Unidos
1888,1888,1880s,Haití,20 de diciembre. Una demostración de fuerza persuadió al gobierno haitiano a entregar un vapor estadounidense que había sido incautado bajo la acusación de violación del bloqueo. [ 92 ] ​,https://es.wikipedia.org/wiki/Anexo:Intervenciones_militares_de_los_Estados_Unidos
1888,1889,1880s,Crisis samoana ; Primera guerra civil de Samoa ; Segunda guerra civil de Samoa,"del 14 de noviembre de 1888 al 20 de marzo de 1889, se desembarcaron fuerzas estadounidenses para proteger a los ciudadanos estadounidenses y al consulado durante una guerra civil nativa. [ 93 ] ​",https://es.wikipedia.org/wiki/Anexo:Intervenciones_militares_de_los_Estados_Unidos
1889,1889,1880s,Reino de Hawái,"30 y 31 de julio, las fuerzas estadounidenses en Honolulu protegieron los intereses de los estadounidenses que vivían en Hawái durante una revolución liderada por Estados Unidos. [ 94 ] ​",https://es.wikipedia.org/wiki/Anexo:Intervenciones_militares_de_los_Estados_Unidos
1890,1890,1890s,Argentina,Un grupo naval desembarcó para proteger el consulado y la legación de Estados Unidos en Buenos Aires . [ 95 ] ​,https://es.wikipedia.org/wiki/Anexo:Intervenciones_militares_de_los_Estados_Unidos
1890,1890,1890s,"Masacre de Wounded Knee ; Reserva india de Pine Ridge , Dakota del Sur","El 29 de diciembre, soldados del 7.º Regimiento de Caballería del Ejército de EE. UU. mataron a 178 sioux lakota tras un incidente durante una inspección de desarme en un campamento sioux lakota cerca de Wounded Knee Creek .",https://es.wikipedia.org/wiki/Anexo:Intervenciones_militares_de_los_Estados_Unidos
1891,1891,1890s,Haití,Las fuerzas estadounidenses intentaron proteger vidas y propiedades estadounidenses en la isla Navassa . [ 96 ] ​,https://es.wikipedia.org/wiki/Anexo:Intervenciones_militares_de_los_Estados_Unidos
1891,1891,1890s,Operaciones contra la caza furtiva en el mar de Bering,"Del 2 de julio al 5 de octubre, las fuerzas navales intentaron detener la caza furtiva de focas. [ 97 ] ​",https://es.wikipedia.org/wiki/Anexo:Intervenciones_militares_de_los_Estados_Unidos
1891,1891,1890s,Incidente del Itata,las fuerzas navales estadounidenses y europeas interceptaron y detuvieron un cargamento de armas enviado a las fuerzas del Congreso en la guerra civil chilena .,https://es.wikipedia.org/wiki/Anexo:Intervenciones_militares_de_los_Estados_Unidos
1891,1891,1890s,Chile,"del 28 al 30 de agosto, fuerzas estadounidenses protegieron el consulado estadounidense y a las mujeres y niños que se habían refugiado en él durante una revolución en Valparaíso . [ 98 ] ​",https://es.wikipedia.org/wiki/Anexo:Intervenciones_militares_de_los_Estados_Unidos
1892,1892,1890s,Huelga de Homestead,"El 6 de julio, los mineros en huelga atacaron a agentes de la Agencia Nacional de Detectives de Pinkerton que intentaban romper la huelga trayendo trabajadores no sindicalizados a la mina. Se enviaron 6.000 milicianos del estado de Pensilvania para restablecer la ley y el orden.",https://es.wikipedia.org/wiki/Anexo:Intervenciones_militares_de_los_Estados_Unidos
1892,1892,1890s,Wyoming,"Guerra del condado de Johnson . Del 11 al 13 de abril, la caballería estadounidense fue enviada para disolver un tiroteo en el TA Ranch .",https://es.wikipedia.org/wiki/Anexo:Intervenciones_militares_de_los_Estados_Unidos
1893,1893,1890s,Derrocamiento del Reino de Hawái,"Del 16 de enero al 1 de abril, los marines desembarcaron en Hawái, aparentemente para proteger vidas y propiedades estadounidenses, pero en realidad fueron utilizados como parte de un golpe para promover un gobierno provisional bajo Sanford B. Dole . Esta acción fue rechazada por el presidente Grover Cleveland y Estados Unidos se disculpó en 1993. [ 99 ] ​",https://es.wikipedia.org/wiki/Anexo:Intervenciones_militares_de_los_Estados_Unidos
1894,1894,1890s,Nicaragua,"Del 6 de julio al 7 de agosto, las fuerzas estadounidenses intentaron proteger los intereses estadounidenses en Bluefields luego de una revolución. [ 100 ] ​",https://es.wikipedia.org/wiki/Anexo:Intervenciones_militares_de_los_Estados_Unidos
1894,1895,1890s,China,los marines estaban estacionados en Tianjin y penetraron hasta Beijing con fines de protección durante la primera guerra sino-japonesa . [ 101 ] ​,https://es.wikipedia.org/wiki/Anexo:Intervenciones_militares_de_los_Estados_Unidos
1894,1895,1890s,China,un buque de guerra quedó varado y utilizado como fuerte en Newchwang para proteger a los ciudadanos estadounidenses. [ 102 ] ​,https://es.wikipedia.org/wiki/Anexo:Intervenciones_militares_de_los_Estados_Unidos
1894,1896,1890s,Corea,"del 24 de julio de 1894 al 3 de abril de 1896, se envió una guardia de marines para proteger la legación estadounidense y las vidas y los intereses estadounidenses en Seúl durante y después de la primera guerra sino-japonesa . [ 103 ] ​",https://es.wikipedia.org/wiki/Anexo:Intervenciones_militares_de_los_Estados_Unidos
1895,1895,1890s,Colombia,"8 y 9 de marzo, las fuerzas estadounidenses protegieron los intereses estadounidenses durante un ataque al pueblo de Bocas del Toro por parte de un jefe bandido. [ 104 ] ​",https://es.wikipedia.org/wiki/Anexo:Intervenciones_militares_de_los_Estados_Unidos
1896,1896,1890s,Nicaragua,"Del 2 al 4 de mayo, las fuerzas estadounidenses protegieron los intereses estadounidenses en Corinto durante los disturbios políticos. [ 105 ] ​",https://es.wikipedia.org/wiki/Anexo:Intervenciones_militares_de_los_Estados_Unidos
1898,1898,1890s,Nicaragua,"7 y 8 de febrero, las fuerzas estadounidenses protegieron vidas y propiedades estadounidenses en San Juan del Sur . [ 106 ] ​",https://es.wikipedia.org/wiki/Anexo:Intervenciones_militares_de_los_Estados_Unidos
1898,1898,1890s,Guerra hispanoamericana,"El 25 de abril de 1898, Estados Unidos declaró la guerra a España , aparentemente alineado con los rebeldes cubanos. La guerra siguió a una insurrección cubana , la Guerra de Independencia de Cuba contra el dominio español y el hundimiento del USS Maine en el puerto de La Habana . [ 107 ] ​",https://es.wikipedia.org/wiki/Anexo:Intervenciones_militares_de_los_Estados_Unidos
1898,1899,1890s,Samoa,"Segunda guerra civil de Samoa , un conflicto que alcanzó un punto crítico en 1898, cuando Alemania , el Reino Unido y los Estados Unidos estaban enzarzados en una disputa sobre quién debería tener el control sobre la cadena de islas de Samoa.",https://es.wikipedia.org/wiki/Anexo:Intervenciones_militares_de_los_Estados_Unidos
1898,1899,1890s,China,"Del 5 de noviembre de 1898 al 15 de marzo de 1899, las fuerzas estadounidenses proporcionaron guardia para la legación en Beijing y el consulado en Tianjin durante la contienda entre la emperatriz viuda y su hijo. [ 108 ] ​",https://es.wikipedia.org/wiki/Anexo:Intervenciones_militares_de_los_Estados_Unidos
1899,1899,1890s,Nicaragua,"Fuerzas navales estadounidenses y británicas desembarcaron para proteger los intereses nacionales en San Juan del Norte , del 22 de febrero al 5 de marzo, y en Bluefields unas semanas más tarde en relación con la insurrección del general Juan P. Reyes. [ 109 ] ​",https://es.wikipedia.org/wiki/Anexo:Intervenciones_militares_de_los_Estados_Unidos
1899,1913,1890s,Islas Filipinas,"Guerra entre Filipinas y Estados Unidos , las fuerzas estadounidenses protegieron los intereses estadounidenses después de la guerra con España y derrotaron a los revolucionarios filipinos que buscaban la independencia nacional inmediata. [ 110 ] ​ El gobierno de los Estados Unidos declaró oficialmente el fin de la insurgencia en 1902, cuando los líderes filipinos aceptaron en general el gobierno estadounidense. Las escaramuzas entre tropas gubernamentales y grupos armados duraron hasta 1913, y algunos historiadores consideran que estas son extensiones no oficiales de la guerra. [ 111 ] ​",https://es.wikipedia.org/wiki/Anexo:Intervenciones_militares_de_los_Estados_Unidos
1900,1900,1900s,China,"Del 24 de mayo al 28 de septiembre, Rebelión de los Bóxers . Las tropas estadounidenses participaron en operaciones para proteger vidas extranjeras durante el levantamiento de los Bóxers , particularmente en Beijing , junto con la Alianza de las Ocho Naciones . Durante muchos años después de esta experiencia se mantuvo una guardia de legación permanente en Beijing, y en ocasiones se reforzó cuando amenazaban problemas. [ 112 ] ​",https://es.wikipedia.org/wiki/Anexo:Intervenciones_militares_de_los_Estados_Unidos
1901,1901,1900s,Colombia ( Departamento de Panamá ),Del 20 de noviembre al 4 de diciembre. (Véase: Separación de Panamá de Colombia ) Las fuerzas estadounidenses protegieron las propiedades estadounidenses en el Istmo y mantuvieron abiertas las líneas de tránsito durante graves disturbios revolucionarios. [ 113 ] ​,https://es.wikipedia.org/wiki/Anexo:Intervenciones_militares_de_los_Estados_Unidos
1902,1902,1900s,Colombia,"Del 16 al 23 de abril, las fuerzas estadounidenses protegieron vidas y propiedades estadounidenses en Bocas del Toro durante una guerra civil. [ 114 ] ​",https://es.wikipedia.org/wiki/Anexo:Intervenciones_militares_de_los_Estados_Unidos
1902,1902,1900s,Colombia (Departamento de Panamá),"Del 17 de septiembre al 18 de noviembre, Estados Unidos colocó guardias armados en todos los trenes que cruzaban el Istmo para mantener abierta la línea ferroviaria , y estacionó barcos a ambos lados de Panamá para impedir el desembarco de tropas colombianas. [ 115 ] ​",https://es.wikipedia.org/wiki/Anexo:Intervenciones_militares_de_los_Estados_Unidos
1903,1903,1900s,Honduras,"Del 23 al 30 o 31 de marzo, las fuerzas estadounidenses protegieron el consulado estadounidense y el muelle de vapor en Puerto Cortés durante un período de actividad revolucionaria. [ 116 ] ​",https://es.wikipedia.org/wiki/Anexo:Intervenciones_militares_de_los_Estados_Unidos
1903,1903,1900s,República Dominicana,"Del 30 de marzo al 21 de abril, un destacamento de marines fue desembarcado para proteger los intereses estadounidenses en la ciudad de Santo Domingo durante un estallido revolucionario. [ 117 ] ​",https://es.wikipedia.org/wiki/Anexo:Intervenciones_militares_de_los_Estados_Unidos
1903,1903,1900s,Siria,"Del 7 al 12 de septiembre, las fuerzas estadounidenses protegieron el consulado estadounidense en Beirut cuando se temía un levantamiento musulmán local. [ 118 ] ​",https://es.wikipedia.org/wiki/Anexo:Intervenciones_militares_de_los_Estados_Unidos
1903,1904,1900s,Abisinia ( Etiopía ),Se enviaron veinticinco marines a Abisinia para proteger al cónsul general de los Estados Unidos mientras negociaba un tratado. [ 119 ] ​,https://es.wikipedia.org/wiki/Anexo:Intervenciones_militares_de_los_Estados_Unidos
1903,1914,1900s,Panamá,"Las fuerzas estadounidenses buscaron proteger los intereses y las vidas estadounidenses durante y después de la revolución por la independencia de Colombia en relación con la construcción del Canal del Istmo . Con breves intermedios, los marines estadounidenses estuvieron estacionados en el istmo desde el 4 de noviembre de 1903 hasta el 21 de enero de 1914 para proteger los intereses estadounidenses. [ 120 ] ​",https://es.wikipedia.org/wiki/Anexo:Intervenciones_militares_de_los_Estados_Unidos
1904,1904,1900s,República Dominicana,"Del 2 de enero al 11 de febrero, las fuerzas navales estadounidenses y británicas establecieron un área en la que no se permitirían combates y protegieron los intereses estadounidenses en Puerto Plata , Sosúa y Santo Domingo durante los combates revolucionarios. [ 121 ] ​",https://es.wikipedia.org/wiki/Anexo:Intervenciones_militares_de_los_Estados_Unidos
1904,1904,1900s,"Tánger , Marruecos","""Queremos a Perdicaris vivo o a Raisuli muerto"". Durante el asunto Perdicaris , un escuadrón se manifestó para forzar la liberación de un estadounidense secuestrado. Se desembarcaron marines para proteger al cónsul general. [ 122 ] ​",https://es.wikipedia.org/wiki/Anexo:Intervenciones_militares_de_los_Estados_Unidos
1904,1904,1900s,Panamá,"Del 17 al 24 de noviembre, las fuerzas estadounidenses protegieron vidas y propiedades estadounidenses en Ancón en el momento de una amenaza de insurrección. [ 123 ] ​",https://es.wikipedia.org/wiki/Anexo:Intervenciones_militares_de_los_Estados_Unidos
1904,1905,1900s,Corea,"Del 5 de enero de 1904 al 11 de noviembre de 1905, se envió una guardia de marines para proteger la legación estadounidense en Seúl durante la guerra ruso-japonesa . [ 124 ] ​",https://es.wikipedia.org/wiki/Anexo:Intervenciones_militares_de_los_Estados_Unidos
1906,1909,1900s,Cuba,"Desde septiembre de 1906 hasta el 23 de enero de 1909, las fuerzas estadounidenses buscaron proteger intereses y restablecer un gobierno después de la actividad revolucionaria. [ 125 ] ​",https://es.wikipedia.org/wiki/Anexo:Intervenciones_militares_de_los_Estados_Unidos
1907,1907,1900s,Honduras,"Del 18 de marzo al 8 de junio, para proteger los intereses estadounidenses durante una guerra entre Honduras y Nicaragua , se estacionaron tropas en Trujillo , La Ceiba , Puerto Cortés , San Pedro Sula , Brus Laguna y Choloma . [ 126 ] ​",https://es.wikipedia.org/wiki/Anexo:Intervenciones_militares_de_los_Estados_Unidos
1910,1910,1910s,Nicaragua,"Del 19 de mayo al 4 de septiembre, Ocupación de Nicaragua . Las fuerzas estadounidenses protegieron los intereses estadounidenses en Bluefields . [ 127 ] ​",https://es.wikipedia.org/wiki/Anexo:Intervenciones_militares_de_los_Estados_Unidos
1911,1911,1910s,Honduras,"El 26 de enero, desembarcaron destacamentos navales estadounidenses para proteger vidas e intereses estadounidenses durante una guerra civil en Honduras. [ 128 ] ​",https://es.wikipedia.org/wiki/Anexo:Intervenciones_militares_de_los_Estados_Unidos
1911,1911,1910s,China,"A medida que se acercaba la Revolución Xinhai liderada por Tongmenghui , en octubre un alférez y 10 hombres intentaron entrar en Wuchang para rescatar a los misioneros, pero se retiraron cuando se les advirtió que se alejaran, y una pequeña fuerza de desembarco custodiaba la propiedad privada estadounidense y el consulado en Hankou . En noviembre se desplegaron marines para proteger las estaciones de cable en Shanghái ; Se enviaron fuerzas de desembarco para protección en Nankín , Zhenjiang , Taku y otros lugares. [ 129 ] ​",https://es.wikipedia.org/wiki/Anexo:Intervenciones_militares_de_los_Estados_Unidos
1912,1912,1910s,Honduras,Una pequeña fuerza desembarcó para evitar la incautación por parte del gobierno de un ferrocarril de propiedad estadounidense en Puerto Cortés . Las fuerzas fueron retiradas después de que Estados Unidos desaprobara la acción. [ 130 ] ​,https://es.wikipedia.org/wiki/Anexo:Intervenciones_militares_de_los_Estados_Unidos
1912,1912,1910s,Panamá,"Tropas, a pedido de ambos partidos políticos, supervisaron elecciones fuera de la Zona del Canal de Panamá . [ 131 ] ​",https://es.wikipedia.org/wiki/Anexo:Intervenciones_militares_de_los_Estados_Unidos
1912,1912,1910s,Cuba,"del 5 de junio al 5 de agosto, las fuerzas estadounidenses protegieron los intereses estadounidenses en la provincia de Oriente y en La Habana . [ 132 ] ​",https://es.wikipedia.org/wiki/Anexo:Intervenciones_militares_de_los_Estados_Unidos
1912,1912,1910s,China,"Del 24 al 26 de agosto, en la isla de Kentucky (ahora conocida como Danzi Dao [ 133 ] ​) y del 26 al 30 de agosto en Camp Nicholson. Las fuerzas estadounidenses protegieron a los estadounidenses y los intereses estadounidenses durante la Revolución Xinhai . [ 134 ] ​",https://es.wikipedia.org/wiki/Anexo:Intervenciones_militares_de_los_Estados_Unidos
1912,1912,1910s,Turquía,"Del 18 de noviembre al 3 de diciembre, las fuerzas estadounidenses custodiaron la legación estadounidense en Constantinopla durante la primera guerra de los Balcanes . [ 135 ] ​",https://es.wikipedia.org/wiki/Anexo:Intervenciones_militares_de_los_Estados_Unidos
1912,1925,1910s,Nicaragua,"de agosto a noviembre de 1912, las fuerzas estadounidenses protegieron los intereses estadounidenses durante un intento de revolución. Una pequeña fuerza, que sirvió como guardia de la legación y buscó promover la paz y la estabilidad, permaneció hasta el 5 de agosto de 1925. [ 136 ] ​",https://es.wikipedia.org/wiki/Anexo:Intervenciones_militares_de_los_Estados_Unidos
1912,1941,1910s,China,"Los desórdenes que comenzaron con el derrocamiento de la dinastía durante la rebelión del Kuomintang en 1912, que fueron redirigidos por la invasión de China por parte de Japón , llevaron a manifestaciones y desembarcos de grupos para la protección de los intereses estadounidenses en China de manera continua y en muchos puntos desde 1912 hasta 1941. La guardia en Beijing y a lo largo de la ruta hacia el mar se mantuvo hasta 1941. En 1927, Estados Unidos tenía 5.670 tropas en tierra en China y 44 buques de guerra en sus aguas. En 1933, Estados Unidos tenía 3.027 hombres armados en tierra. La acción protectora se basó generalmente en tratados con China celebrados entre 1858 y 1901. [ 137 ] ​",https://es.wikipedia.org/wiki/Anexo:Intervenciones_militares_de_los_Estados_Unidos
1913,1913,1910s,México,"Del 5 al 7 de septiembre, algunos marines desembarcaron en Ciaris Estero para ayudar en la evacuación de ciudadanos estadounidenses y otras personas del Valle del Yaqui , que la Revolución mexicana había vuelto peligroso para los extranjeros. [ 138 ] ​",https://es.wikipedia.org/wiki/Anexo:Intervenciones_militares_de_los_Estados_Unidos
1914,1914,1910s,Haití,"29 de enero al 9 de febrero, 20 y 21 de febrero, 19 de octubre. De forma intermitente, las fuerzas navales estadounidenses protegieron a los ciudadanos estadounidenses en una época de disturbios y revolución. [ 139 ] ​",https://es.wikipedia.org/wiki/Anexo:Intervenciones_militares_de_los_Estados_Unidos
1914,1914,1910s,República Dominicana,"En junio y julio, durante la Guerra Civil Dominicana (1914) , las fuerzas navales de Estados Unidos detuvieron a tiros el bombardeo de Puerto Plata , y mediante amenaza de fuerza mantuvieron a Santo Domingo como zona neutral. [ 140 ] ​",https://es.wikipedia.org/wiki/Anexo:Intervenciones_militares_de_los_Estados_Unidos
1914,1917,1910s,México,"el incidente de Tampico condujo a la ocupación de Veracruz . Las hostilidades mexicano-estadounidenses no declaradas siguieron al incidente de Tampico y las redadas de Villa. También Expedición Pancho Villa – una operación militar fallida realizada por el ejército de los Estados Unidos contra las fuerzas militares de Francisco ""Pancho"" Villa de 1916 a 1917 e incluyó la captura de Veracruz . El 19 de marzo de 1915, por órdenes del presidente Woodrow Wilson , y con el consentimiento tácito de Venustiano Carranza . El general John J. Pershing dirigió una fuerza invasora de 10.000 hombres a México para capturar a Villa. [ 141 ] ​",https://es.wikipedia.org/wiki/Anexo:Intervenciones_militares_de_los_Estados_Unidos
1915,1934,1910s,Haití,"Del 28 de julio de 1915 al 15 de agosto de 1934, ocupación estadounidense de Haití . Las fuerzas estadounidenses mantuvieron el orden durante un período de inestabilidad política crónica. [ 142 ] ​",https://es.wikipedia.org/wiki/Anexo:Intervenciones_militares_de_los_Estados_Unidos
1916,1916,1910s,China,Las fuerzas estadounidenses desembarcan para sofocar un motín que tiene lugar en una propiedad estadounidense en Nankín . [ 143 ] ​,https://es.wikipedia.org/wiki/Anexo:Intervenciones_militares_de_los_Estados_Unidos
1916,1924,1910s,República Dominicana,"De mayo de 1916 a septiembre de 1924, Ocupación de República Dominicana . Las fuerzas navales estadounidenses mantuvieron el orden durante un período de insurrección crónica y amenazada. [ 144 ] ​",https://es.wikipedia.org/wiki/Anexo:Intervenciones_militares_de_los_Estados_Unidos
1917,1917,1910s,China,Las tropas estadounidenses desembarcan en Chongqing para proteger vidas estadounidenses durante una crisis política. [ 145 ] ​,https://es.wikipedia.org/wiki/Anexo:Intervenciones_militares_de_los_Estados_Unidos
1917,1918,1910s,Primera Guerra Mundial,"El 6 de abril de 1917, Estados Unidos declaró la guerra a Alemania y el 7 de diciembre de 1917 a Austria-Hungría . La entrada de Estados Unidos en la guerra fue precipitada por la guerra submarina de Alemania contra la navegación neutral y el Telegrama Zimmermann . [ 146 ] ​",https://es.wikipedia.org/wiki/Anexo:Intervenciones_militares_de_los_Estados_Unidos
1917,1922,1910s,Cuba,"Las fuerzas estadounidenses protegieron los intereses estadounidenses durante la insurrección y las condiciones inestables posteriores. La mayoría de las fuerzas armadas de los Estados Unidos abandonaron Cuba en agosto de 1919, pero dos compañías permanecieron en Camagüey hasta febrero de 1922. [ 147 ] ​",https://es.wikipedia.org/wiki/Anexo:Intervenciones_militares_de_los_Estados_Unidos
1918,1919,1910s,México,"Después de la retirada de la expedición Pershing, las tropas estadounidenses entraron a México en busca de bandidos al menos tres veces en 1918 y seis veces en 1919. En agosto de 1918, las tropas estadounidenses y mexicanas lucharon en Nogales , batalla de Ambos Nogales . El incidente comenzó cuando espías alemanes planearon un ataque con el ejército mexicano en Nogales, Arizona . Los combates comenzaron cuando un oficial mexicano disparó y mató a un soldado estadounidense en suelo estadounidense. Luego se produjo una batalla a gran escala que terminó con la rendición mexicana. [ 148 ] ​",https://es.wikipedia.org/wiki/Anexo:Intervenciones_militares_de_los_Estados_Unidos
1918,1920,1910s,Panamá,"Se utilizaron fuerzas estadounidenses para tareas policiales de acuerdo con las estipulaciones del tratado, en Chiriquí , durante los disturbios electorales y los disturbios posteriores. [ 149 ] ​",https://es.wikipedia.org/wiki/Anexo:Intervenciones_militares_de_los_Estados_Unidos
1918,1920,1910s,RSFS de Rusia,"Desembarcaron marines en Vladivostok y sus alrededores en junio y julio para proteger el consulado estadounidense y otros puntos de los combates entre el Ejército Rojo y la Legión Checoslovaca que había atravesado Siberia desde el frente occidental. En julio, los comandantes estadounidenses, japoneses, británicos, franceses y checoslovacos emitieron una proclamación conjunta de gobierno de emergencia y neutralidad. En agosto, 7.000 hombres desembarcaron en Vladivostok y permanecieron hasta enero de 1920, como parte de una fuerza de ocupación aliada. En septiembre de 1918, 5.000 tropas estadounidenses se unieron a la fuerza de intervención aliada en la ciudad de Arjánguelsk y permanecieron hasta junio de 1919. Estas operaciones fueron en respuesta a la revolución bolchevique en Rusia y fueron apoyadas en parte por elementos zaristas o de Kerensky . [ 150 ] ​ Para obtener más detalles, consulte la Fuerza Expedicionaria Estadounidense en Siberia y la Fuerza Expedicionaria Estadounidense en el Norte de Rusia .",https://es.wikipedia.org/wiki/Anexo:Intervenciones_militares_de_los_Estados_Unidos
1919,1919,1910s,Dalmacia (Croacia),las fuerzas estadounidenses desembarcaron en Trau a petición de las autoridades italianas para controlar el orden entre italianos y serbios . [ 151 ] ​,https://es.wikipedia.org/wiki/Anexo:Intervenciones_militares_de_los_Estados_Unidos
1919,1919,1910s,Turquía,Marines del USS Arizona desembarcaron para proteger el consulado de Estados Unidos durante la ocupación griega de Constantinopla . [ 152 ] ​,https://es.wikipedia.org/wiki/Anexo:Intervenciones_militares_de_los_Estados_Unidos
1919,1919,1910s,Honduras,Del 8 al 12 de septiembre se envió a tierra una fuerza de desembarco para mantener el orden en una zona neutral durante un intento de revolución. [ 153 ] ​,https://es.wikipedia.org/wiki/Anexo:Intervenciones_militares_de_los_Estados_Unidos
1920,1920,1920s,China,"El 14 de marzo, una fuerza de desembarco fue enviada a tierra durante unas horas para proteger vidas durante un disturbio en Jiujiang . [ 154 ] ​",https://es.wikipedia.org/wiki/Anexo:Intervenciones_militares_de_los_Estados_Unidos
1920,1920,1920s,Guatemala,"Del 9 al 27 de abril, las fuerzas estadounidenses protegieron la Legación estadounidense y otros intereses estadounidenses, como la estación de cable, durante un período de combates entre los unionistas y el Gobierno de Guatemala. [ 155 ] ​",https://es.wikipedia.org/wiki/Anexo:Intervenciones_militares_de_los_Estados_Unidos
1920,1922,1920s,Rusia ( Siberia ),"Del 16 de febrero de 1920 al 19 de noviembre de 1922, se envió un guardia de la Marina para proteger la estación de radio de los Estados Unidos y las propiedades en la isla Ruski , bahía de Vladivostok. [ 156 ] ​",https://es.wikipedia.org/wiki/Anexo:Intervenciones_militares_de_los_Estados_Unidos
1921,1921,1920s,Panamá y Costa Rica,Escuadrones navales estadounidenses se manifestaron en abril a ambos lados del istmo para evitar una guerra entre los dos países por una disputa fronteriza. [ 157 ] ​,https://es.wikipedia.org/wiki/Anexo:Intervenciones_militares_de_los_Estados_Unidos
1922,1922,1920s,Turquía,"En septiembre y octubre, se envió una fuerza de desembarco a tierra con el consentimiento de las autoridades griegas y turcas, para proteger las vidas y propiedades estadounidenses cuando los nacionalistas turcos entraron en Izmir ( Esmirna ). [ 158 ] ​",https://es.wikipedia.org/wiki/Anexo:Intervenciones_militares_de_los_Estados_Unidos
1922,1923,1920s,China,"Desde abril de 1922 hasta noviembre de 1923, los marines desembarcaron cinco veces para proteger a los estadounidenses durante los períodos de disturbios. [ 159 ] ​",https://es.wikipedia.org/wiki/Anexo:Intervenciones_militares_de_los_Estados_Unidos
1924,1924,1920s,Honduras,"Del 28 de febrero al 31 de marzo y del 10 al 15 de septiembre, las fuerzas estadounidenses protegieron vidas e intereses estadounidenses durante las hostilidades electorales. [ 160 ] ​",https://es.wikipedia.org/wiki/Anexo:Intervenciones_militares_de_los_Estados_Unidos
1924,1924,1920s,China,"En septiembre, se desembarcaron marines para proteger a los estadounidenses y otros extranjeros en Shanghái durante las hostilidades entre facciones chinas. [ 161 ] ​",https://es.wikipedia.org/wiki/Anexo:Intervenciones_militares_de_los_Estados_Unidos
1925,1925,1920s,China,"Del 15 de enero al 29 de agosto, los combates de facciones chinas acompañados de disturbios y manifestaciones en Shanghái provocaron el desembarco de fuerzas estadounidenses para proteger vidas y propiedades en la Concesión Internacional . [ 162 ] ​",https://es.wikipedia.org/wiki/Anexo:Intervenciones_militares_de_los_Estados_Unidos
1925,1925,1920s,Honduras,"Del 19 al 21 de abril, las fuerzas estadounidenses protegieron a los extranjeros en La Ceiba durante un levantamiento político. [ 163 ] ​",https://es.wikipedia.org/wiki/Anexo:Intervenciones_militares_de_los_Estados_Unidos
1925,1925,1920s,Panamá,"Del 12 al 23 de octubre, huelgas y disturbios por alquileres provocaron el desembarco de unos 600 soldados estadounidenses para mantener el orden y proteger los intereses estadounidenses. [ 164 ] ​",https://es.wikipedia.org/wiki/Anexo:Intervenciones_militares_de_los_Estados_Unidos
1926,1933,1920s,Nicaragua,"Del 7 de mayo al 5 de junio de 1926 y del 27 de agosto de 1926 al 3 de enero de 1933, el golpe de Estado del general Emiliano Chamorro Vargas desencadenó actividades revolucionarias que condujeron al desembarco de marines estadounidenses para proteger la intereses de los Estados Unidos. Las fuerzas estadounidenses iban y venían de forma intermitente hasta el 3 de enero de 1933. [ 165 ] ​",https://es.wikipedia.org/wiki/Anexo:Intervenciones_militares_de_los_Estados_Unidos
1926,1926,1920s,China,"En agosto y septiembre, el ataque nacionalista a Hankou provocó el desembarco de fuerzas navales estadounidenses para proteger a los ciudadanos estadounidenses. Se mantuvo una pequeña guardia en el consulado general incluso después del 16 de septiembre, cuando se retiró el resto de las fuerzas. Del mismo modo, cuando las fuerzas del Kuomintang capturaron Jiujiang , del 4 al 6 de noviembre se desembarcaron fuerzas navales para proteger a los extranjeros. [ 166 ] ​",https://es.wikipedia.org/wiki/Anexo:Intervenciones_militares_de_los_Estados_Unidos
1927,1927,1920s,China,"En febrero, los combates en Shanghái provocaron que se incrementara la presencia de fuerzas navales y marines estadounidenses. En marzo, una guardia naval fue estacionada en el consulado estadounidense en Nankín después de que las fuerzas nacionalistas capturaran la ciudad . Posteriormente, los destructores estadounidenses y británicos utilizaron fuego de artillería para proteger a los estadounidenses y otros extranjeros. Posteriormente, se estacionaron fuerzas adicionales de marines y fuerzas navales en las cercanías de Shanghái y Tianjin. [ 167 ] ​",https://es.wikipedia.org/wiki/Anexo:Intervenciones_militares_de_los_Estados_Unidos
1932,1932,1930s,Estados Unidos,""" Ejército de bonificación "" de 17.000 veteranos de la Primera Guerra Mundial más 20.000 familiares retirados de Washington y luego de los apartamentos "" Hooverville "" de Anacostia por el 3.º Regimiento de Caballería y el 12.º Regimiento de Infantería al mando del general Douglas MacArthur y el mayor Dwight D. Eisenhower , 28 de julio.",https://es.wikipedia.org/wiki/Anexo:Intervenciones_militares_de_los_Estados_Unidos
1933,1933,1930s,Cuba,"Durante una revolución contra el presidente Gerardo Machado , las fuerzas navales se manifestaron pero no se realizó ningún desembarco. [ 168 ] ​",https://es.wikipedia.org/wiki/Anexo:Intervenciones_militares_de_los_Estados_Unidos
1934,1934,1930s,China,Los marines desembarcan en Fuzhou para proteger el consulado estadounidense. [ 169 ] ​,https://es.wikipedia.org/wiki/Anexo:Intervenciones_militares_de_los_Estados_Unidos
1937,1937,1930s,China,Desembarcan fuerzas estadounidenses para proteger los intereses estadounidenses durante la ocupación japonesa de Shanghái. [ 170 ] ​,https://es.wikipedia.org/wiki/Anexo:Intervenciones_militares_de_los_Estados_Unidos
1940,1940,1940–1944,"Terranova , Bermudas , Santa Lucía , – Bahamas , Jamaica , Antigua , Trinidad y Guayana Británica","Se enviaron tropas para proteger bases aéreas y navales obtenidas en régimen de arrendamiento mediante negociación con el Reino Unido. A veces se las llamaba bases de préstamo y arrendamiento, pero estaban incluidas en el acuerdo de destructores por bases . [ 171 ] ​",https://es.wikipedia.org/wiki/Anexo:Intervenciones_militares_de_los_Estados_Unidos
1941,1941,1940–1944,Groenlandia,Groenlandia quedó bajo protección de Estados Unidos en abril. [ 172 ] ​,https://es.wikipedia.org/wiki/Anexo:Intervenciones_militares_de_los_Estados_Unidos
1941,1941,1940–1944,Países Bajos ( Guayana Neerlandesa ),"En noviembre, el presidente ordenó a las tropas estadounidenses ocupar la Guayana Holandesa, pero mediante un acuerdo con el gobierno neerlandés en el exilio , Brasil cooperó para proteger el suministro de mineral de aluminio de las minas de bauxita en Surinam. [ 173 ] ​",https://es.wikipedia.org/wiki/Anexo:Intervenciones_militares_de_los_Estados_Unidos
1941,1941,1940–1944,Islandia,"Islandia fue tomada bajo la protección de Estados Unidos , sin consentimiento de su gobierno en sustitución de las tropas británicas, por motivos estratégicos. [ 174 ] ​",https://es.wikipedia.org/wiki/Anexo:Intervenciones_militares_de_los_Estados_Unidos
1941,1941,1940–1944,Alemania,"En algún momento de la primavera, el presidente ordenó a la Armada que patrullara las rutas de los barcos hacia Europa. En julio, los buques de guerra estadounidenses estaban haciendo convoyes y en septiembre atacaban submarinos alemanes. En noviembre, en respuesta al hundimiento del USS Reuben James el 31 de octubre de 1941, la Ley de Neutralidad fue parcialmente derogada para proteger la ayuda militar estadounidense a Gran Bretaña. [ 175 ] ​",https://es.wikipedia.org/wiki/Anexo:Intervenciones_militares_de_los_Estados_Unidos
1941,1945,1940–1944,Segunda Guerra Mundial,"El 8 de diciembre de 1941, Estados Unidos declaró la guerra a Japón en respuesta al ataque a Pearl Harbor . El 11 de diciembre, la Alemania nazi y la Italia fascista declararon la guerra a Estados Unidos. [ 176 ] ​",https://es.wikipedia.org/wiki/Anexo:Intervenciones_militares_de_los_Estados_Unidos
1944,1946,1945–1949,,Reocupación temporal de Filipinas durante la Segunda Guerra Mundial y en preparación para la independencia previamente programada. [ 178 ] ​,https://es.wikipedia.org/wiki/Anexo:Intervenciones_militares_de_los_Estados_Unidos
1945,1945,1945–1949,China,"En octubre, 50.000 marines estadounidenses fueron enviados al norte de China para ayudar a las autoridades nacionalistas chinas a desarmar y repatriar a los japoneses en China y a controlar puertos, ferrocarriles y aeródromos. Esto se suma a las aproximadamente 60.000 fuerzas estadounidenses que permanecían en China al final de la Segunda Guerra Mundial. [ 177 ] ​",https://es.wikipedia.org/wiki/Anexo:Intervenciones_militares_de_los_Estados_Unidos
1945,1949,1945–1949,,Ocupación de parte de Alemania .,https://es.wikipedia.org/wiki/Anexo:Intervenciones_militares_de_los_Estados_Unidos
1945,1955,1945–1949,,Ocupación de parte de Austria .,https://es.wikipedia.org/wiki/Anexo:Intervenciones_militares_de_los_Estados_Unidos
1945,1952,1945–1949,,Ocupación de Japón .,https://es.wikipedia.org/wiki/Anexo:Intervenciones_militares_de_los_Estados_Unidos
1945,1947,1945–1949,,Marines estadounidenses estacionados en China continental para supervisar la retirada de las fuerzas japonesas después de la Segunda Guerra Mundial. [ 179 ] ​,https://es.wikipedia.org/wiki/Anexo:Intervenciones_militares_de_los_Estados_Unidos
1945,1949,1945–1949,,Ocupación de Corea del Sur después de la Segunda Guerra Mundial; Insurgencia norcoreana en la República de Corea. [ 180 ] ​,https://es.wikipedia.org/wiki/Anexo:Intervenciones_militares_de_los_Estados_Unidos
1946,1946,1945–1949,Trieste ( Italia ),"El presidente Truman ordenó el aumento de tropas estadounidenses a lo largo de la línea de ocupación zonal y el refuerzo de las fuerzas aéreas en el norte de Italia después de que el Ejército Popular Yugoslavo derribara un avión de transporte desarmado del ejército estadounidense que sobrevolaba Venezia Giulia .  Anteriormente se habían enviado unidades navales estadounidenses al lugar. [ 181 ] ​ Posteriormente el Territorio Libre de Trieste , Zona A.",https://es.wikipedia.org/wiki/Anexo:Intervenciones_militares_de_los_Estados_Unidos
1948,1948,1945–1949,Jerusalén ( Mandato británico de Palestina ),Se envió una guardia consular de la Marina a Jerusalén para proteger al cónsul general de los Estados Unidos. [ 182 ] ​,https://es.wikipedia.org/wiki/Anexo:Intervenciones_militares_de_los_Estados_Unidos
1948,1948,1945–1949,Berlín,"Puente Aéreo de Berlín . Después de que la Unión Soviética estableció un bloqueo terrestre de los sectores estadounidense, británico y francés de Berlín el 24 de junio de 1948, Estados Unidos y sus aliados transportaron suministros por vía aérea a Berlín hasta que se levantó el bloqueo en mayo de 1949. [ 183 ] ​",https://es.wikipedia.org/wiki/Anexo:Intervenciones_militares_de_los_Estados_Unidos
1948,1949,1945–1949,China,"se enviaron marines a Nankín para proteger la embajada estadounidense cuando la ciudad cayó en manos de las tropas comunistas , y a Shanghái para ayudar en la protección y evacuación de los estadounidenses. [ 184 ] ​",https://es.wikipedia.org/wiki/Anexo:Intervenciones_militares_de_los_Estados_Unidos
1950,1953,1950s,Guerra de Corea,"Estados Unidos respondió a la invasión norcoreana de Corea del Sur acudiendo en su ayuda, de conformidad con las resoluciones del Consejo de Seguridad de las Naciones Unidas . Las fuerzas estadounidenses desplegadas en Corea superaron los 300.000 durante el último año del conflicto activo (1953). Más de 36.600 militares estadounidenses murieron en acción. [ 185 ] ​",https://es.wikipedia.org/wiki/Anexo:Intervenciones_militares_de_los_Estados_Unidos
1950,1955,1950s,Formosa ( Taiwán ),"En junio de 1950, al comienzo de la guerra de Corea, el presidente Truman ordenó a la Séptima Flota de Estados Unidos que impidiera los ataques del Ejército Popular de Liberación contra Formosa y las operaciones de las Fuerzas Armadas de la República de China contra China continental. [ 186 ] ​",https://es.wikipedia.org/wiki/Anexo:Intervenciones_militares_de_los_Estados_Unidos
1950,1950,1950s,Puerto Rico (territorio colonial de Estados Unidos),"La Guardia Nacional de Estados Unidos utilizó aviones de ataque P-47 Thunderbolt , artillería terrestre, fuego de mortero y granadas para contraatacar a los luchadores por la libertad puertorriqueños, nacionalistas y rebeldes independentistas que buscan poner fin al dominio colonial estadounidense durante el levantamiento de Jayuya .",https://es.wikipedia.org/wiki/Anexo:Intervenciones_militares_de_los_Estados_Unidos
1950,1950,1950s,"Después de su derrota en la guerra civil china , partes del ejército nacionalista se retiraron al sur y cruzaron la frontera hacia Birmania . [ 187 ] ​","65 Estados Unidos apoyó a estas fuerzas nacionalistas porque esperaba que acosaran a la República Popular China desde el suroeste, desviando así recursos chinos de la guerra de Corea . [ 187 ] ​ : 65 El gobierno birmano protestó y aumentó la presión internacional [ 187 ] ​ : 65 A partir de 1953 se llevaron a cabo varias rondas de retiradas de las fuerzas nacionalistas y sus familias. [ 187 ] ​ : 65 En 1960, una acción militar conjunta de China y Birmania expulsó a las fuerzas nacionalistas restantes de Birmania, aunque algunas se establecieron en las zonas fronterizas entre Birmania y Tailandia . [ 187 ] ​ : 65–66",https://es.wikipedia.org/wiki/Anexo:Intervenciones_militares_de_los_Estados_Unidos
1954,1955,1950s,China,"Primera crisis del Estrecho de Taiwán , unidades navales evacuaron a civiles y militares estadounidenses de las islas Tachen . [ 188 ] ​",https://es.wikipedia.org/wiki/Anexo:Intervenciones_militares_de_los_Estados_Unidos
1955,1964,1950s,Vietnam,"Los primeros asesores militares fueron enviados a Vietnam el 12 de febrero de 1955. En 1964, el nivel de tropas estadounidenses había aumentado a 21.000. El 7 de agosto de 1964, el Congreso de los Estados Unidos aprobó la resolución del Golfo de Tonkín afirmando ""Todas las medidas necesarias para repeler cualquier ataque armado contra las fuerzas de los Estados Unidos... para prevenir futuras agresiones... (y) ayudar a cualquier miembro o estado del protocolo de el Tratado de Defensa Colectiva del Sudeste Asiático (SEATO) solicitando asistencia. . ."" [ 189 ] ​",https://es.wikipedia.org/wiki/Anexo:Intervenciones_militares_de_los_Estados_Unidos
1955,1975,1950s,Guerra de Vietnam,"Los asesores militares estadounidenses habían estado en Vietnam del Sur durante una década y su número había aumentado a medida que la posición militar del gobierno de Saigón se debilitaba. Después de citar lo que falsamente denominó ataques de la Armada Popular de Vietnam contra destructores estadounidenses, en lo que llegó a conocerse como el incidente del Golfo de Tonkin , el presidente Lyndon B. Johnson pidió en agosto de 1964 una resolución que expresara la determinación de Estados Unidos de apoyar ""la libertad y proteger la paz en el Sudeste Asiático ."" El Congreso respondió con la Resolución del Golfo de Tonkín , que autorizaba al presidente Johnson, sin una declaración formal de guerra por parte del Congreso, el uso de fuerza militar convencional en el Sudeste Asiático. Tras esta resolución, y tras un ataque comunista a una instalación estadounidense en el centro de Vietnam, Estados Unidos incrementó su participación en la guerra a un máximo de 543.000 militares en abril de 1969. [ 193 ] ​",https://es.wikipedia.org/wiki/Anexo:Intervenciones_militares_de_los_Estados_Unidos
1956,1956,1950s,Egipto,Un batallón de marines evacuó a ciudadanos estadounidenses y otras personas de Alejandría durante la crisis de Suez . [ 190 ] ​,https://es.wikipedia.org/wiki/Anexo:Intervenciones_militares_de_los_Estados_Unidos
1958,1958,1950s,Líbano,"Crisis del Líbano de 1958 , los marines fueron desembarcados en el Líbano por invitación del presidente Camille Chamoun para ayudar a proteger contra la amenaza de insurrección apoyada desde el exterior. La acción del Presidente fue respaldada por una resolución del Congreso aprobada en 1957 que autorizó tales acciones en esa zona del mundo. [ 191 ] ​",https://es.wikipedia.org/wiki/Anexo:Intervenciones_militares_de_los_Estados_Unidos
1959,1960,1950s,El Caribe,Se desplegó la Segunda Fuerza de Tarea Marina Terrestre para proteger a los ciudadanos estadounidenses después de la Revolución Cubana . [ 192 ] ​,https://es.wikipedia.org/wiki/Anexo:Intervenciones_militares_de_los_Estados_Unidos
1962,1962,1960s,Tailandia,"La III Fuerza Expedicionaria de Marines desembarcó el 17 de mayo de 1962 para apoyar a ese país durante la amenaza de presión comunista desde el exterior; el 30 de julio, los 5.000 marines habían sido retirados. [ 194 ] ​",https://es.wikipedia.org/wiki/Anexo:Intervenciones_militares_de_los_Estados_Unidos
1962,1962,1960s,Cuba,"Crisis de los misiles cubanos . El 22 de octubre, el presidente Kennedy instituyó una ""cuarentena"" sobre el envío de misiles ofensivos a Cuba desde la Unión Soviética. También advirtió a la Unión Soviética que el lanzamiento de cualquier misil desde Cuba contra naciones del hemisferio occidental provocaría represalias nucleares de Estados Unidos contra la Unión Soviética. En pocos días se logró un acuerdo negociado. [ 195 ] ​",https://es.wikipedia.org/wiki/Anexo:Intervenciones_militares_de_los_Estados_Unidos
1962,1975,1960s,Laos,"Desde octubre de 1962 hasta 1975, Estados Unidos jugó un papel importante en el apoyo militar a las fuerzas anticomunistas en Laos. [ 196 ] ​ Mientras tanto, Estados Unidos libraba una operación militar encubierta utilizando fuerzas paramilitares de la CIA , conocida como La Guerra Secreta .",https://es.wikipedia.org/wiki/Anexo:Intervenciones_militares_de_los_Estados_Unidos
1964,1964,1960s,Congo ( Zaire ),Estados Unidos envió cuatro aviones de transporte para proporcionar transporte aéreo a las tropas congoleñas durante una rebelión y para transportar paracaidistas belgas para rescatar a extranjeros. [ 197 ] ​,https://es.wikipedia.org/wiki/Anexo:Intervenciones_militares_de_los_Estados_Unidos
1964,1965,1960s,Indonesia,"Intervención y apoyo previo al golpe de Estado que derrocó al líder democráticamente electo y popular Sukarno el 30 de septiembre de 1965; subsecuente purga "" anticomunista "" que causó la ejecución arbitraria de alrededor de medio millón de indonesios. [ 198 ] ​",https://es.wikipedia.org/wiki/Anexo:Intervenciones_militares_de_los_Estados_Unidos
1965,1965,1960s,Invasión de República Dominicana,"Operación Power Pack , Estados Unidos intervino para proteger vidas y propiedades durante una revuelta dominicana y envió 20.000 tropas estadounidenses a medida que crecían los temores de que las fuerzas revolucionarias estuvieran cada vez más bajo el control comunista. [ 199 ] ​ Estalló una rebelión popular que prometía reinstalar a Juan Bosch como líder electo del país. La revolución fue aplastada cuando los marines estadounidenses desembarcaron para defender el régimen militar por la fuerza.",https://es.wikipedia.org/wiki/Anexo:Intervenciones_militares_de_los_Estados_Unidos
1967,1967,1960s,Israel,"El incidente del USS Liberty , tras el cual un barco de investigación técnica de la Armada de los Estados Unidos fue atacado el 8 de junio de 1967 por las Fuerzas de Defensa de Israel , matando a 34 e hiriendo a más de 170 miembros de la tripulación estadounidense.",https://es.wikipedia.org/wiki/Anexo:Intervenciones_militares_de_los_Estados_Unidos
1967,1967,1960s,Congo (Zaire),Estados Unidos envió tres aviones de transporte militar con tripulaciones para proporcionar apoyo logístico al gobierno central del Congo durante una revuelta. [ 200 ] ​,https://es.wikipedia.org/wiki/Anexo:Intervenciones_militares_de_los_Estados_Unidos
1968,1968,1960s,Laos y Camboya,Estados Unidos inicia una campaña secreta de bombardeos contra objetivos a lo largo de la ruta Ho Chi Minh en las naciones soberanas de Camboya y Laos . Los bombardeos duran al menos dos años. (Véase Operación Command Hunt ),https://es.wikipedia.org/wiki/Anexo:Intervenciones_militares_de_los_Estados_Unidos
1970,1970,1970s,Campaña camboyana,"Se ordenó la entrada de tropas estadounidenses en Camboya para limpiar los santuarios comunistas desde donde el Viet Cong y Vietnam del Norte atacaron a las fuerzas estadounidenses y vietnamitas del sur en Vietnam. El objetivo de este ataque, que duró del 30 de abril al 30 de junio, era garantizar la retirada segura de las fuerzas estadounidenses de Vietnam del Sur y ayudar al programa de vietnamización . [ 201 ] ​",https://es.wikipedia.org/wiki/Anexo:Intervenciones_militares_de_los_Estados_Unidos
1972,1972,1970s,Vietnam del Norte,"Bombardeo navideño Operación Linebacker II (no mencionada en RL30172, pero una operación que conduce a negociaciones de paz). La operación se llevó a cabo del 18 al 29 de diciembre de 1972. Fue un bombardeo de las ciudades de Hanói y Haiphong por parte de bombarderos B-52 .",https://es.wikipedia.org/wiki/Anexo:Intervenciones_militares_de_los_Estados_Unidos
1973,1973,1970s,,"Operación Nickel Grass , una operación de transporte aéreo estratégico realizada por Estados Unidos para entregar armas y suministros a Israel durante la guerra de Yom Kipur .",https://es.wikipedia.org/wiki/Anexo:Intervenciones_militares_de_los_Estados_Unidos
1974,1974,1970s,Evacuación de Chipre,Las fuerzas navales de Estados Unidos evacuaron a civiles estadounidenses durante la invasión turca de Chipre . [ 202 ] ​,https://es.wikipedia.org/wiki/Anexo:Intervenciones_militares_de_los_Estados_Unidos
1975,1975,1970s,Evacuación de Vietnam,"Operación Frequent Wind . El 3 de abril de 1975, el presidente Gerald Ford informó que se habían enviado buques de guerra, helicópteros y marines estadounidenses para ayudar en la evacuación de refugiados y ciudadanos estadounidenses de Vietnam. [ 203 ] ​",https://es.wikipedia.org/wiki/Anexo:Intervenciones_militares_de_los_Estados_Unidos
1975,1975,1970s,Evacuación de Camboya,"Operación Eagle Pull . El 12 de abril de 1975, el presidente Ford informó que había ordenado a las fuerzas militares estadounidenses que procedieran con la evacuación planificada de los ciudadanos estadounidenses de Camboya. [ 204 ] ​",https://es.wikipedia.org/wiki/Anexo:Intervenciones_militares_de_los_Estados_Unidos
1975,1975,1970s,Vietnam del Sur,"El 30 de abril de 1975, el presidente Ford informó que una fuerza de 70 helicópteros de evacuación y 865 marines habían evacuado a unos 1.400 ciudadanos estadounidenses y 5.500 nacionales de terceros países y vietnamitas del sur de las zonas de aterrizaje dentro y alrededor de la Embajada de los Estados Unidos en Saigón y el Aeropuerto Tan Son Nhut . [ 205 ] ​",https://es.wikipedia.org/wiki/Anexo:Intervenciones_militares_de_los_Estados_Unidos
1975,1975,1970s,Camboya,"incidente del Mayagüez . El 15 de mayo de 1975, el presidente Ford informó que había ordenado a las fuerzas militares retomar el SS Mayaguez , un buque mercante que fue confiscado a las lanchas patrulleras navales del Ejército Revolucionario de Kampuchea en aguas internacionales y obligado a dirigirse a una isla cercana. [ 206 ] ​",https://es.wikipedia.org/wiki/Anexo:Intervenciones_militares_de_los_Estados_Unidos
1976,1976,1970s,Líbano,"El 22 y 23 de julio de 1976, helicópteros de cinco buques de guerra estadounidenses evacuaron a aproximadamente 250 estadounidenses y europeos del Líbano durante los combates entre facciones libanesas después de que las hostilidades bloquearan la evacuación de un convoy por tierra. [ 207 ] ​",https://es.wikipedia.org/wiki/Anexo:Intervenciones_militares_de_los_Estados_Unidos
1976,1976,1970s,Corea,Se enviaron fuerzas adicionales a Corea después de que dos soldados estadounidenses fueran asesinados por soldados norcoreanos en la Zona Desmilitarizada de Corea mientras talaban un árbol. [ 208 ] ​,https://es.wikipedia.org/wiki/Anexo:Intervenciones_militares_de_los_Estados_Unidos
1978,1978,1970s,Zaire (Congo),"Del 19 de mayo a junio, Estados Unidos utilizó aviones de transporte militar para brindar apoyo logístico a las operaciones de rescate belgas y francesas en Zaire. [ 209 ] ​",https://es.wikipedia.org/wiki/Anexo:Intervenciones_militares_de_los_Estados_Unidos
1980,1980,1980s,Irán,"Operación Eagle Claw , el 26 de abril de 1980, el presidente Carter informó del uso de seis aviones de transporte y ocho helicópteros estadounidenses en un intento fallido de rescatar a los rehenes estadounidenses en Irán.",https://es.wikipedia.org/wiki/Anexo:Intervenciones_militares_de_los_Estados_Unidos
1980,1980,1980s,,"Las unidades del Ejército y la Fuerza Aérea de los EE. UU. llegan al Sinaí en septiembre como parte de la "" Operación Bright Star "". Están allí para entrenar con las Fuerzas Armadas egipcias como parte de los acuerdos de paz de Camp David firmados en 1979. Elementos de la 101.ª División Aerotransportada ( 1.º Batallón, 502.º de Infantería ) y unidades MAC (Comando de Transporte Aéreo Militar) de la Fuerza Aérea están en el teatro de operaciones para cuatro meses y son las primeras fuerzas militares estadounidenses en la región desde la Segunda Guerra Mundial.",https://es.wikipedia.org/wiki/Anexo:Intervenciones_militares_de_los_Estados_Unidos
1981,1981,1980s,El Salvador,"Después de una ofensiva guerrillera contra el gobierno de El Salvador, se enviaron asesores militares estadounidenses adicionales a El Salvador, elevando el total a aproximadamente 55, para ayudar a entrenar a las fuerzas gubernamentales en contrainsurgencia. [ 210 ] ​",https://es.wikipedia.org/wiki/Anexo:Intervenciones_militares_de_los_Estados_Unidos
1982,1982,1980s,Sinaí,"El 19 de marzo de 1982, el presidente Reagan informó el despliegue de personal y equipo militar para participar en la Fuerza Multinacional y Observadores en la Península del Sinaí . La participación había sido autorizada por Resolución de Fuerza Multinacional y Observadores, Ley Pública 97-132. [ 211 ] ​",https://es.wikipedia.org/wiki/Anexo:Intervenciones_militares_de_los_Estados_Unidos
1982,1982,1980s,Líbano,"Fuerza Multinacional en Líbano , el 21 de agosto de 1982, el presidente Reagan informó el envío de 800 marines para servir en la fuerza multinacional para ayudar en la retirada de los miembros de la Fuerza de Liberación de Palestina de Beirut . Los marines partieron el 20 de septiembre de 1982. [ 212 ] ​",https://es.wikipedia.org/wiki/Anexo:Intervenciones_militares_de_los_Estados_Unidos
1982,1983,1980s,Líbano,"El 29 de septiembre de 1982, el presidente Reagan informó sobre el despliegue de 1200 infantes de marina para servir en una fuerza multinacional temporal para facilitar la restauración de la soberanía del gobierno libanés. El 29 de septiembre de 1983, el Congreso aprobó la Resolución de la Fuerza Multinacional en el Líbano (P.L. 98-119) que autorizaba la participación continua durante dieciocho meses. [ 213 ] ​",https://es.wikipedia.org/wiki/Anexo:Intervenciones_militares_de_los_Estados_Unidos
1983,1983,1980s,Egipto,"Después de que un avión libio bombardeara una ciudad en Sudán el 18 de marzo de 1983, y Sudán y Egipto pidieran ayuda, Estados Unidos envió un avión de vigilancia electrónica AWACS a Egipto. [ 214 ] ​",https://es.wikipedia.org/wiki/Anexo:Intervenciones_militares_de_los_Estados_Unidos
1983,1983,1980s,Granada,"Operación Urgent Fury , citando la creciente amenaza de la influencia soviética y cubana y señalando el desarrollo de un aeropuerto internacional luego de un golpe de Estado y el alineamiento con la Unión Soviética y Cuba, Estados Unidos invade la nación insular de Granada. [ 215 ] ​",https://es.wikipedia.org/wiki/Anexo:Intervenciones_militares_de_los_Estados_Unidos
1983,1989,1980s,Honduras,"En julio de 1983, Estados Unidos llevó a cabo una serie de ejercicios en Honduras que algunos creían que podrían conducir a un conflicto con Nicaragua. El 25 de marzo de 1986, helicópteros y tripulantes militares estadounidenses desarmados transportaron tropas hondureñas a la frontera con Nicaragua para repeler a las tropas nicaragüenses. [ 216 ] ​",https://es.wikipedia.org/wiki/Anexo:Intervenciones_militares_de_los_Estados_Unidos
1983,1983,1980s,Chad,"El 8 de agosto de 1983, el presidente Reagan informó del despliegue de dos aviones de vigilancia electrónica AWACS y ocho aviones de combate F-15 y fuerzas de apoyo logístico terrestre para ayudar a Chad contra las fuerzas libias y rebeldes. [ 217 ] ​",https://es.wikipedia.org/wiki/Anexo:Intervenciones_militares_de_los_Estados_Unidos
1984,1984,1980s,Golfo Pérsico,"El 5 de junio de 1984, aviones de combate de Arabia Saudita , ayudados por la inteligencia de un avión de vigilancia electrónica AWACS de EE. UU. y propulsados ​​por un avión cisterna KC-10 de EE. UU., derribaron dos aviones de combate iraníes sobre una zona del Golfo Pérsico. Proclamada como zona protegida para la navegación. [ 218 ] ​",https://es.wikipedia.org/wiki/Anexo:Intervenciones_militares_de_los_Estados_Unidos
1985,1985,1980s,Italia,"El 10 de octubre de 1985, los pilotos de la Marina estadounidense interceptaron un avión egipcio y lo obligaron a aterrizar en Sicilia . En el avión viajaban los secuestradores del crucero italiano Achille Lauro , que durante el secuestro mataron a un ciudadano estadounidense. [ 219 ] ​",https://es.wikipedia.org/wiki/Anexo:Intervenciones_militares_de_los_Estados_Unidos
1986,1986,1980s,Libia,"Acción en el Golfo de Sidra (1986) , el 26 de marzo de 1986, el presidente Reagan informó los días 24 y 25 de marzo que las fuerzas estadounidenses, mientras realizaban ejercicios de libertad de navegación alrededor del Golfo de Sidra , habían sido atacadas por misiles libios y Estados Unidos había respondido con misiles. [ 220 ] ​",https://es.wikipedia.org/wiki/Anexo:Intervenciones_militares_de_los_Estados_Unidos
1986,1986,1980s,Libia,"Operación Cañón El Dorado , el 16 de abril de 1986, el presidente Reagan informó que las fuerzas aéreas y navales estadounidenses habían llevado a cabo ataques con bombas contra instalaciones terroristas e instalaciones militares en la capital libia de Trípoli , afirmando que el líder libio, coronel Muammar Gaddafi , fue responsable de un ataque con bomba en una discoteca alemana que mató a dos soldados estadounidenses. [ 221 ] ​",https://es.wikipedia.org/wiki/Anexo:Intervenciones_militares_de_los_Estados_Unidos
1987,1987,1980s,Golfo Pérsico,"El USS Stark fue alcanzado el 17 de mayo por dos misiles antibuque Exocet disparados desde un Dassault Mirage F1 de la Fuerza Aérea Iraquí durante la guerra entre Irán e Irak , matando a 37 marineros de la Armada estadounidense.",https://es.wikipedia.org/wiki/Anexo:Intervenciones_militares_de_los_Estados_Unidos
1987,1987,1980s,Golfo Pérsico,"Operación Nimble Archer . Ataques a dos plataformas petroleras iraníes en el Golfo Pérsico por fuerzas de la Armada de los Estados Unidos el 19 de octubre. El ataque fue una respuesta al ataque de Irán el 16 de octubre de 1987 contra el MV Sea Isle City , un petrolero kuwaití con nuevo pabellón anclado frente a Kuwait , con un misil gusano de seda.",https://es.wikipedia.org/wiki/Anexo:Intervenciones_militares_de_los_Estados_Unidos
1987,1988,1980s,Golfo Pérsico,"Operación Earnest Will . Después de que la guerra entre Irán e Irak (la fase de la Guerra de los Tanques) resultó en varios incidentes militares en el Golfo Pérsico, Estados Unidos aumentó las operaciones de las fuerzas militares conjuntas en el Golfo Pérsico y adoptó una política de cambio de pabellón y escolta de petroleros kuwaitíes a través del Golfo Pérsico para protegerlos de los ataques iraquíes e iraníes. El presidente Reagan informó que barcos estadounidenses habían sido disparados o impactados contra minas o habían emprendido otras acciones militares el 21 de septiembre ( Irán Ajr ), el 8 y 19 de octubre de 1987, y el 18 de abril ( Operación Praying Mantis ), el 3 y el 14 de julio de 1988. Estados Unidos redujo gradualmente sus fuerzas después de un alto el fuego entre Irán e Irak el 20 de agosto de 1988. [ 222 ] ​ Fue la operación de convoyes navales más grande desde la Segunda Guerra Mundial. [ 223 ] ​",https://es.wikipedia.org/wiki/Anexo:Intervenciones_militares_de_los_Estados_Unidos
1987,1988,1980s,Golfo Pérsico,La Operación Prime Chance fue una operación del Comando de Operaciones Especiales de los Estados Unidos destinada a proteger los petroleros con bandera estadounidense del ataque iraní durante la guerra entre Irán e Irak. La operación tuvo lugar aproximadamente al mismo tiempo que la Operación Earnest Will.,https://es.wikipedia.org/wiki/Anexo:Intervenciones_militares_de_los_Estados_Unidos
1988,1988,1980s,Golfo Pérsico,La Operación Praying Mantis fue la acción del 18 de abril de 1988 emprendida por las fuerzas navales estadounidenses en represalia por la minería iraní del Golfo Pérsico y el daño posterior a un buque de guerra estadounidense.,https://es.wikipedia.org/wiki/Anexo:Intervenciones_militares_de_los_Estados_Unidos
1988,1988,1980s,Honduras,"La Operación Faisán Dorado fue un despliegue de emergencia de tropas estadounidenses en Honduras en 1988, como resultado de acciones amenazantes por parte de las fuerzas de los (entonces socialistas) nicaragüenses.",https://es.wikipedia.org/wiki/Anexo:Intervenciones_militares_de_los_Estados_Unidos
1988,1988,1980s,,Derribo del vuelo 655 de Iran Air por el USS Vincennes .,https://es.wikipedia.org/wiki/Anexo:Intervenciones_militares_de_los_Estados_Unidos
1988,1988,1980s,Panamá,"A mediados de marzo y abril de 1988, durante un período de inestabilidad en Panamá y cuando Estados Unidos aumentó la presión sobre el jefe de Estado panameño, general Manuel Noriega , para que renunciara, Estados Unidos envió 1000 tropas a Panamá, para ""salvaguardar aún más ""El canal, las vidas, propiedades e intereses estadounidenses en el área"". Las fuerzas complementaron a 10.000 militares estadounidenses que ya se encontraban en la Zona del Canal de Panamá . [ 224 ] ​",https://es.wikipedia.org/wiki/Anexo:Intervenciones_militares_de_los_Estados_Unidos
1989,1989,1980s,Libia,"Segundo incidente en el golfo de Sidra . El 4 de enero de 1989, dos aviones F-14 de la Marina de los EE. UU. con base en el USS John F. Kennedy derribaron dos aviones de combate libios sobre el Mar Mediterráneo , a unas 70 millas al norte de Libia. Los pilotos estadounidenses dijeron que los aviones libios habían demostrado intenciones hostiles. [ 225 ] ​",https://es.wikipedia.org/wiki/Anexo:Intervenciones_militares_de_los_Estados_Unidos
1989,1989,1980s,Panamá,"El 11 de mayo de 1989, en respuesta al desprecio del general Noriega por los resultados de las elecciones panameñas , el presidente Bush ordenó una fuerza del tamaño de una brigada de aproximadamente 1.900 soldados para aumentar las aproximadamente 1000 fuerzas estadounidenses que ya se encontraban en el área. [ 226 ] ​",https://es.wikipedia.org/wiki/Anexo:Intervenciones_militares_de_los_Estados_Unidos
1989,1989,1980s,"Colombia, Bolivia y Perú","Iniciativa Andina en la Guerra contra las drogas . El 15 de septiembre de 1989, el presidente Bush anunció que se enviaría asistencia militar y policial para ayudar a las naciones andinas de Colombia, Bolivia y Perú a combatir a los productores de drogas ilícitas. y traficantes. A mediados de septiembre había entre 50 y 100 asesores militares estadounidenses en Colombia en relación con el transporte y el entrenamiento en el uso de equipo militar, además de siete equipos de Fuerzas Especiales de 2 a 12 personas para entrenar tropas en los tres países. [ 227 ] ​",https://es.wikipedia.org/wiki/Anexo:Intervenciones_militares_de_los_Estados_Unidos
1989,1989,1980s,Filipinas,"Operación Classic Resolve . El 2 de diciembre de 1989, el presidente Bush informó que el 1 de diciembre, combatientes de la Fuerza Aérea de la Base Aérea de Clark en Luzón habían ayudado al gobierno de Aquino a repeler un intento de golpe . Además, se enviaron 100 marines desde la base naval estadounidense de la bahía de Súbic para proteger la embajada de Estados Unidos en Manila . [ 228 ] ​",https://es.wikipedia.org/wiki/Anexo:Intervenciones_militares_de_los_Estados_Unidos
1989,1990,1980s,Panamá,"Invasión estadounidense de Panamá y Operación Causa Justa . El 21 de diciembre de 1989, el presidente Bush informó que había ordenado el envío de fuerzas militares estadounidenses a Panamá para proteger las vidas de los ciudadanos estadounidenses y llevar al general Noriega ante la justicia. El 13 de febrero de 1990, todas las fuerzas invasoras habían sido retiradas. [ 229 ] ​ Se informó que alrededor de 200 civiles panameños murieron. El jefe de Estado panameño, general Manuel Noriega, fue capturado y llevado a Estados Unidos.",https://es.wikipedia.org/wiki/Anexo:Intervenciones_militares_de_los_Estados_Unidos
1989,1990,1980s,,,https://es.wikipedia.org/wiki/Anexo:Intervenciones_militares_de_los_Estados_Unidos
1990,1990,1990s,Liberia,"El 6 de agosto de 1990, el presidente Bush informó que se había enviado una compañía de fusileros reforzados para proporcionar seguridad adicional a la embajada de Estados Unidos en Monrovia , y que equipos de helicópteros habían evacuado a ciudadanos estadounidenses de Liberia. [ 230 ] ​",https://es.wikipedia.org/wiki/Anexo:Intervenciones_militares_de_los_Estados_Unidos
1990,1990,1990s,Arabia Saudita,"El 9 de agosto de 1990, el presidente Bush informó que lanzó la Operación Escudo del Desierto ordenando el despliegue avanzado de elementos sustanciales de las fuerzas armadas estadounidenses en la región del Golfo Pérsico para ayudar a defender Arabia Saudita después de la invasión de Kuwait el 2 de agosto. por Irak. El 16 de noviembre de 1990, informó sobre la continua acumulación de fuerzas para garantizar una opción militar ofensiva adecuada. [ 231 ] ​ Rehenes estadounidenses retenidos en Irán. [ 232 ] ​",https://es.wikipedia.org/wiki/Anexo:Intervenciones_militares_de_los_Estados_Unidos
1991,1991,1990s,Irak,"Operación Tormenta del Desierto , la ofensiva aliada aire-tierra del 17 de enero de 1991 al 11 de abril de 1991. [ 233 ] ​",https://es.wikipedia.org/wiki/Anexo:Intervenciones_militares_de_los_Estados_Unidos
1991,1991,1990s,Irak,"Operación Sable del Desierto , ofensiva terrestre aliada del 24 al 27 de febrero de 1991. [ 233 ] ​",https://es.wikipedia.org/wiki/Anexo:Intervenciones_militares_de_los_Estados_Unidos
1991,1996,1990s,Irak,"Operación Proporcionar Confort , Entrega de ayuda humanitaria y protección militar a los kurdos que huyeron de sus hogares en el norte de Irak durante el levantamiento de 1991 , por parte de una pequeña fuerza terrestre aliada con base en Turquía que comenzó en abril de 1991.",https://es.wikipedia.org/wiki/Anexo:Intervenciones_militares_de_los_Estados_Unidos
1991,1991,1990s,Irak,"El 17 de mayo de 1991, el presidente Bush declaró que la represión iraquí del pueblo kurdo había requerido una introducción limitada de fuerzas estadounidenses en el norte de Irak con fines de ayuda de emergencia. [ 234 ] ​",https://es.wikipedia.org/wiki/Anexo:Intervenciones_militares_de_los_Estados_Unidos
1991,1991,1990s,Zaire,"Del 25 al 27 de septiembre de 1991, después de que estallaron saqueos y disturbios generalizados en Kinshasa , los C-141 de la Fuerza Aérea transportaron 100 tropas y equipos belgas a Kinshasa. Los aviones estadounidenses también transportaron a 300 soldados franceses a la República Centroafricana y transportaron a ciudadanos estadounidenses evacuados. [ 235 ] ​",https://es.wikipedia.org/wiki/Anexo:Intervenciones_militares_de_los_Estados_Unidos
1992,1992,1990s,Sierra Leona,"Operación Silver Anvil , Tras el golpe de Estado del 29 de abril que derrocó al presidente Joseph Saidu Momoh , una Fuerza de Tarea de Operaciones Especiales Conjuntas del Comando Europeo de los Estados Unidos (USEUCOM) evacuó a 438 personas (incluidos 42 nacionales de terceros países) el 3 de mayo. Los C-141 del Comando de Movilidad (AMC) transportaron a 136 personas desde Freetown , Sierra Leona, a la base aérea Rhein-Main en Alemania y nueve salidas de C-130 transportaron a otras 302 personas a Dakar , Senegal . [ 236 ] ​",https://es.wikipedia.org/wiki/Anexo:Intervenciones_militares_de_los_Estados_Unidos
1992,1996,1990s,Bosnia y Herzegovina,"Operación Provide Promise fue una operación de ayuda humanitaria en Bosnia y Herzegovina durante las guerras yugoslavas , del 2 de julio de 1992 al 9 de enero de 1996, lo que la convirtió en el puente aéreo humanitario de mayor duración de la historia. [ 237 ] ​",https://es.wikipedia.org/wiki/Anexo:Intervenciones_militares_de_los_Estados_Unidos
1992,1992,1990s,Kuwait,"El 3 de agosto de 1992, Estados Unidos inició una serie de ejercicios militares en Kuwait, tras la negativa iraquí a reconocer una nueva frontera trazada por las Naciones Unidas y a cooperar con los equipos de inspección de la ONU. [ 238 ] ​",https://es.wikipedia.org/wiki/Anexo:Intervenciones_militares_de_los_Estados_Unidos
1992,2003,1990s,Irak,"conflicto de zonas de exclusión aérea iraquíes . Estados Unidos, el Reino Unido y sus aliados de la guerra del Golfo declararon y aplicaron "" zonas de exclusión aérea "" en la mayor parte del espacio aéreo iraquí soberano, prohibiendo los vuelos iraquíes en zonas del sur de Irak y el norte de Irak, realizando reconocimientos aéreos y varios ataques específicos contra los sistemas de defensa aérea iraquíes como parte del mandato de la ONU. A menudo, las fuerzas iraquíes continuaron durante una década disparando contra aviones estadounidenses y británicos que patrullaban zonas de exclusión aérea. ( véase también Operación Northern Watch , Operación Southern Watch ) [ 239 ] ​",https://es.wikipedia.org/wiki/Anexo:Intervenciones_militares_de_los_Estados_Unidos
1993,1995,1990s,Bosnia,"Operación Deny Flight . El 12 de abril de 1993, en respuesta a la aprobación de la Resolución 816 del Consejo de Seguridad de las Naciones Unidas , Estados Unidos y la OTAN impusieron la zona de exclusión aérea sobre el espacio aéreo bosnio, prohibieron todos los vuelos no autorizados y permitieron ""tomar todas las medidas necesarias para garantizar el cumplimiento de [las restricciones de la zona de exclusión aérea]"".",https://es.wikipedia.org/wiki/Anexo:Intervenciones_militares_de_los_Estados_Unidos
1993,1993,1990s,Somalia,"Batalla de Mogadiscio , o Primera Batalla de Mogadiscio, resultado de la Operación Gothic Serpent . Del 3 al 4 de octubre de 1993, el Task Force Ranger, formado en gran parte por el 75.º Regimiento de Rangers y la Fuerza Delta , entró en la zona urbana hostil de Mogadiscio para capturar a dos líderes de alto rango del Ejército Nacional Somalí . Dos Black Hawk estadounidenses UH-60 son derribados, 18 estadounidenses mueren en combate, otros 73 resultan heridos y 1 es capturado. Los acontecimientos de la batalla quedaron recogidos en el libro Black Hawk Down , que luego fue adaptado a una película del mismo nombre .",https://es.wikipedia.org/wiki/Anexo:Intervenciones_militares_de_los_Estados_Unidos
1993,1993,1990s,Macedonia,"El 9 de julio de 1993, el presidente Clinton informó del despliegue de 350 soldados estadounidenses en la República de Macedonia para participar en la Fuerza de Protección de la ONU para ayudar a mantener la estabilidad en el área de la ex Yugoslavia . [ 240 ] ​",https://es.wikipedia.org/wiki/Anexo:Intervenciones_militares_de_los_Estados_Unidos
1994,1994,1990s,Bosnia,"Incidente de Banja Luka , la OTAN se involucra en la primera situación de combate cuando aviones F-16 de la Fuerza Aérea de EE. UU . de la OTAN derribaron cuatro de los seis aviones de ataque ligero monoplaza J-21 Jastreb serbios de Bosnia por violar la zona de exclusión aérea ordenada por la ONU.",https://es.wikipedia.org/wiki/Anexo:Intervenciones_militares_de_los_Estados_Unidos
1994,1995,1990s,Haití,"Operación Defender la Democracia , los barcos estadounidenses habían iniciado el embargo contra Haití. Posteriormente se desplegaron hasta 20.000 tropas militares estadounidenses en Haití para restaurar al presidente haitiano democráticamente elegido, Jean-Bertrand Aristide , de un régimen militar que llegó al poder en 1991 después de un importante golpe de Estado . [ 241 ] ​",https://es.wikipedia.org/wiki/Anexo:Intervenciones_militares_de_los_Estados_Unidos
1994,1994,1990s,Macedonia,"El 19 de abril de 1994, el presidente Clinton informó que el contingente estadounidense en Macedonia se había incrementado con una compañía reforzada de 200 efectivos. [ 242 ] ​",https://es.wikipedia.org/wiki/Anexo:Intervenciones_militares_de_los_Estados_Unidos
1994,1994,1990s,Kuwait,"La Operación Vigilant Warrior comenzó en octubre de 1994, cuando las Divisiones de la Guardia Republicana Iraquí comenzaron a reposicionarse dentro de Irak al sur, cerca de la frontera con Kuwait . Las fuerzas estadounidenses respondieron con un movimiento de fuerzas hacia el Golfo, el mayor desde la Operación Escudo del Desierto. La operación terminó oficialmente el 22 de diciembre de 1994. Véase también [ 243 ] ​",https://es.wikipedia.org/wiki/Anexo:Intervenciones_militares_de_los_Estados_Unidos
1995,1995,1990s,Bosnia,"Operación Fuerza Deliberada . El 30 de agosto de 1995, aviones estadounidenses y de la OTAN comenzaron una importante campaña de bombardeos del ejército serbio de Bosnia en respuesta a un ataque de mortero de los serbios de Bosnia en un mercado de Sarajevo que mató a 37 personas el 28 de agosto de 1995. Este La operación duró hasta el 20 de septiembre de 1995. La campaña aérea junto con una fuerza terrestre aliada combinada del ejército musulmán y croata contra las posiciones serbias condujeron a un Acuerdo de Dayton en diciembre de 1995 con la firma de las facciones en conflicto de la guerra. Como parte de la Operación Joint Endeavor , Estados Unidos y la OTAN enviaron fuerzas de paz de la Fuerza de Implementación ( IFOR ) a Bosnia para defender el acuerdo de Dayton. [ 244 ] ​",https://es.wikipedia.org/wiki/Anexo:Intervenciones_militares_de_los_Estados_Unidos
1996,1996,1990s,"República Centroafricana, Operación Quick Response","El 23 de mayo de 1996, el presidente Clinton informó el despliegue de personal militar estadounidense en Bangui , República Centroafricana, para llevar a cabo la evacuación de ese país de ""ciudadanos estadounidenses privados y ciertos empleados del gobierno estadounidense"" y proporcionar ""seguridad mejorada para la embajada estadounidense en Bangui"". [ 245 ] ​ Elementos del Cuerpo de Marines de los Estados Unidos de la Fuerza de Tarea Conjunta de Respuesta Asegurada, que respondieron en la cercana Liberia, brindaron seguridad a la embajada y evacuaron a 448 personas, incluidos entre 190 y 208 estadounidenses. Los últimos marines abandonaron Bangui el 22 de junio.",https://es.wikipedia.org/wiki/Anexo:Intervenciones_militares_de_los_Estados_Unidos
1996,1996,1990s,Kuwait,"Operación Desert Strike , ataques aéreos estadounidenses en el norte para proteger a la población kurda frente a los ataques del ejército iraquí .",https://es.wikipedia.org/wiki/Anexo:Intervenciones_militares_de_los_Estados_Unidos
1996,1996,1990s,Bosnia,"Operación Joint Guard . El 21 de diciembre de 1996, Estados Unidos y la OTAN establecieron las fuerzas de paz de la SFOR para reemplazar a la IFOR en la aplicación de la paz según el acuerdo de Dayton.",https://es.wikipedia.org/wiki/Anexo:Intervenciones_militares_de_los_Estados_Unidos
1997,1997,1990s,Albania,"Operación Silver Wake . El 13 de marzo de 1997, se utilizaron fuerzas militares estadounidenses para evacuar a ciertos empleados del gobierno estadounidense y ciudadanos privados estadounidenses de Tirana , Albania. [ 246 ] ​",https://es.wikipedia.org/wiki/Anexo:Intervenciones_militares_de_los_Estados_Unidos
1997,1997,1990s,Congo y Gabón,"El 27 de marzo de 1997, el presidente Clinton informó el 25 de marzo de 1997 que se había desplegado una fuerza de evacuación de reserva compuesta por personal militar estadounidense en el Congo y Gabón para brindar mayor seguridad y estar disponibles para cualquier operación de evacuación necesaria. [ 247 ] ​",https://es.wikipedia.org/wiki/Anexo:Intervenciones_militares_de_los_Estados_Unidos
1997,1997,1990s,Sierra Leona,"El 29 y 30 de mayo de 1997, personal militar estadounidense fue desplegado en Freetown, Sierra Leona, para preparar y llevar a cabo la evacuación de ciertos empleados del gobierno estadounidense y ciudadanos privados estadounidenses. [ 248 ] ​",https://es.wikipedia.org/wiki/Anexo:Intervenciones_militares_de_los_Estados_Unidos
1997,1997,1990s,Camboya,"El 11 de julio de 1997, en un esfuerzo por garantizar la seguridad de los ciudadanos estadounidenses en Camboya durante un período de conflicto interno allí, se desplegó un grupo de trabajo de aproximadamente 550 militares estadounidenses en la base aérea de Utapao en Tailandia para posibles evacuaciones. [ 249 ] ​",https://es.wikipedia.org/wiki/Anexo:Intervenciones_militares_de_los_Estados_Unidos
1998,1998,1990s,Irak,"Operación Zorro del Desierto , las fuerzas estadounidenses y británicas llevan a cabo una importante campaña de bombardeos de cuatro días del 16 al 19 de diciembre de 1998 contra objetivos iraquíes. [ 250 ] ​",https://es.wikipedia.org/wiki/Anexo:Intervenciones_militares_de_los_Estados_Unidos
1998,1999,1990s,Kenia y Tanzania,"Se desplegó personal militar estadounidense en Nairobi , Kenia, para coordinar la asistencia médica y en casos de desastre relacionada con el bombardeo de las embajadas de Estados Unidos en Kenia y Tanzania . [ 251 ] ​",https://es.wikipedia.org/wiki/Anexo:Intervenciones_militares_de_los_Estados_Unidos
1998,1998,1990s,Afganistán y Sudán,"Operación Alcance Infinito . El 20 de agosto, el presidente Clinton ordenó un ataque con misiles de crucero contra dos campos de entrenamiento de presuntos terroristas en Afganistán y una presunta fábrica de productos químicos en Sudán. [ 252 ] ​",https://es.wikipedia.org/wiki/Anexo:Intervenciones_militares_de_los_Estados_Unidos
1998,1998,1990s,Liberia,"El 27 de septiembre de 1998, Estados Unidos desplegó una fuerza de reserva y respuesta de evacuación de 30 militares estadounidenses para aumentar la fuerza de seguridad en la Embajada de Estados Unidos en Monrovia. [ 253 ] ​ [ 254 ] ​",https://es.wikipedia.org/wiki/Anexo:Intervenciones_militares_de_los_Estados_Unidos
1999,2001,1990s,Timor Oriental,Un número limitado de fuerzas militares estadounidenses desplegadas con la Fuerza Internacional para Timor Oriental bajo mandato de las Naciones Unidas restablecen la paz en Timor Oriental. [ 255 ] ​,https://es.wikipedia.org/wiki/Anexo:Intervenciones_militares_de_los_Estados_Unidos
1999,1999,1990s,Serbia,"Operación Fuerza Aliada : Aviones estadounidenses y de la OTAN iniciaron un importante bombardeo de Serbia y posiciones serbias en Kosovo el 24 de marzo de 1999, durante la guerra de Kosovo debido a la negativa del presidente serbio Slobodan Milošević de poner fin a la represión contra las personas de etnia albanesa en Kosovo . Esta operación terminó el 10 de junio de 1999, cuando Milošević acordó retirar sus tropas de Kosovo. En respuesta a la situación en Kosovo, la OTAN envió fuerzas de paz de la KFOR para asegurar la paz en virtud de la Resolución 1244 del Consejo de Seguridad de la ONU . [ 256 ] ​",https://es.wikipedia.org/wiki/Anexo:Intervenciones_militares_de_los_Estados_Unidos
2000,2000,2000s,Sierra Leona,"El 12 de mayo de 2000, una patrullera de la Marina de los EE. UU. se desplegó en Sierra Leona para apoyar las operaciones de evacuación de ese país si fuera necesario. [ 257 ] ​",https://es.wikipedia.org/wiki/Anexo:Intervenciones_militares_de_los_Estados_Unidos
2000,2000,2000s,Nigeria,Tropas de las Fuerzas Especiales son enviadas a Nigeria para liderar una misión de entrenamiento en el país. [ 258 ] ​,https://es.wikipedia.org/wiki/Anexo:Intervenciones_militares_de_los_Estados_Unidos
2000,2000,2000s,Yemen,"El 12 de octubre de 2000, después del ataque del USS Cole en el puerto de Adén , Yemen, se desplegó personal militar en Adén. [ 259 ] ​",https://es.wikipedia.org/wiki/Anexo:Intervenciones_militares_de_los_Estados_Unidos
2000,2000,2000s,Timor Oriental,"El 25 de febrero de 2000, un pequeño número de personal militar estadounidense fue desplegado para apoyar a la Administración de Transición de las Naciones Unidas en Timor Oriental (UNTAET). [ 260 ] ​",https://es.wikipedia.org/wiki/Anexo:Intervenciones_militares_de_los_Estados_Unidos
2001,2001,2000s,,"El 1 de abril de 2001, una colisión en el aire entre un avión de vigilancia de señales EP-3E ARIES II de la Armada de los Estados Unidos y un avión de combate interceptor J-8II de la Armada del Ejército Popular de Liberación (PLAN) resultó en una disputa internacional entre los Estados Unidos y la República Popular China calificó el incidente de la isla de Hainan .",https://es.wikipedia.org/wiki/Anexo:Intervenciones_militares_de_los_Estados_Unidos
2001,2021,2000s,Guerra en Afganistán,"La guerra contra el terrorismo comienza con la Operación Libertad Duradera . El 7 de octubre de 2001, las Fuerzas Armadas de Estados Unidos invaden Afganistán en respuesta a los ataques del 11 de septiembre y ""comienzan acciones de combate en Afganistán contra Al Qaeda y sus partidarios talibanes "". [ 261 ] ​",https://es.wikipedia.org/wiki/Anexo:Intervenciones_militares_de_los_Estados_Unidos
2002,2002,2000s,Yemen,"El 3 de noviembre de 2002, un MQ-1 Predator estadounidense disparó un misil Hellfire contra un automóvil en Yemen, matando a Qaed Salim Sinan al-Harethi , un líder de Al Qaeda que se cree que es responsable del atentado contra el USS Cole . [ 262 ] ​",https://es.wikipedia.org/wiki/Anexo:Intervenciones_militares_de_los_Estados_Unidos
2002,2002,2000s,Filipinas,"OEF-Filipinas . A partir de enero, se han desplegado ""fuerzas de apoyo de combate y equipadas con combate"" estadounidenses en Filipinas para entrenar, ayudar y asesorar a las Fuerzas Armadas de Filipinas en la mejora de sus ""capacidades antiterroristas"". [ 263 ] ​",https://es.wikipedia.org/wiki/Anexo:Intervenciones_militares_de_los_Estados_Unidos
2002,2002,2000s,Costa de Marfil,"El 25 de septiembre de 2002, en respuesta a una rebelión en Costa de Marfil, personal militar estadounidense fue a Costa de Marfil para ayudar en la evacuación de ciudadanos estadounidenses de Bouaké . [ 264 ] ​ [ 265 ] ​",https://es.wikipedia.org/wiki/Anexo:Intervenciones_militares_de_los_Estados_Unidos
2003,2011,2000s,Guerra en Irak,"Operación Libertad Iraquí , 20 de marzo de 2003, Estados Unidos lidera una coalición que incluye al Reino Unido , Australia y Polonia para invadir Irak con el objetivo declarado de ""desarmar a Irak en busca de la paz y la estabilidad"". y la seguridad tanto en la región del Golfo como en Estados Unidos"". [ 266 ] ​",https://es.wikipedia.org/wiki/Anexo:Intervenciones_militares_de_los_Estados_Unidos
2003,2003,2000s,Liberia,"Segunda guerra civil liberiana . El 9 de junio de 2003, el presidente Bush informó que el 8 de junio había enviado alrededor de 35 marines estadounidenses a Monrovia, Liberia, para ayudar a proteger la Embajada de los Estados Unidos en Nuakchot , Mauritania , y para ayudar en cualquier evacuación necesaria desde Liberia o Mauritania. [ 267 ] ​",https://es.wikipedia.org/wiki/Anexo:Intervenciones_militares_de_los_Estados_Unidos
2003,2003,2000s,Georgia y Yibuti,"Se habían desplegado ""fuerzas de apoyo y equipadas de combate estadounidenses"" en Georgia y Yibuti para ayudar a mejorar sus ""capacidades antiterroristas"". [ 268 ] ​",https://es.wikipedia.org/wiki/Anexo:Intervenciones_militares_de_los_Estados_Unidos
2004,2004,2000s,Haití,"Ocurre el golpe de Estado en Haití de 2004 . Estados Unidos envió por primera vez 55 militares equipados de combate para aumentar las fuerzas de seguridad de la Embajada de los Estados Unidos allí y proteger a los ciudadanos y propiedades estadounidenses en la luz. Posteriormente, se enviaron 200 militares estadounidenses adicionales equipados de combate para preparar el camino para una Fuerza Multinacional Provisional de la ONU, MINUSTAH . [ 269 ] ​",https://es.wikipedia.org/wiki/Anexo:Intervenciones_militares_de_los_Estados_Unidos
2004,2004,2000s,Guerra contra el terrorismo,"Estados Unidos estaba llevando a cabo actividades antiterroristas en Georgia, Yibuti, Kenia, Etiopía , Yemen y Eritrea . [ 270 ] ​",https://es.wikipedia.org/wiki/Anexo:Intervenciones_militares_de_los_Estados_Unidos
2005,2006,2000s,Pakistán,El presidente Bush despliega tropas de brigadas de caballería aérea del ejército estadounidense para brindar ayuda humanitaria a aldeas remotas en las cadenas montañosas de Cachemira en Pakistán afectadas por un terremoto masivo .,https://es.wikipedia.org/wiki/Anexo:Intervenciones_militares_de_los_Estados_Unidos
2005,2008,2000s,"Operación WILLING SPIRIT, Colombia",el rescate de rehenes estadounidenses mantenidos como rehenes por las FARC .,https://es.wikipedia.org/wiki/Anexo:Intervenciones_militares_de_los_Estados_Unidos
2006,2006,2000s,Líbano,Parte de la 24.ª Unidad Expedicionaria de los Infantes de Marina [ 272 ] ​ comienza la evacuación de ciudadanos estadounidenses dispuestos a abandonar el país ante una probable invasión terrestre por parte de Israel y los continuos combates entre Hezbolá y el ejército israelí . [ 272 ] ​ [ 273 ] ​,https://es.wikipedia.org/wiki/Anexo:Intervenciones_militares_de_los_Estados_Unidos
2007,2007,2000s,,"Incidente del Dai Hong Dan , el 29 de octubre de 2007, piratas somalíes abordaron y atacaron un barco mercante norcoreano. Al pasar, barcos de la Armada estadounidense y un helicóptero que patrullaban en ese momento respondieron al ataque. Una vez que el barco fue liberado de los piratas, las fuerzas estadounidenses recibieron permiso para abordar y ayudar a la tripulación herida y ocuparse de los piratas supervivientes.",https://es.wikipedia.org/wiki/Anexo:Intervenciones_militares_de_los_Estados_Unidos
2007,2007,2000s,Somalia,"Batalla de Ras Kamboni , el 8 de enero de 2007, mientras continúa el conflicto entre la Unión de Tribunales Islámicos y el Gobierno Federal de Transición , un helicóptero de combate AC-130 lleva a cabo un ataque aéreo contra un presunto agente de Al Qaeda, junto con otros Combatientes islamistas, en la isla Badmadow, cerca de Ras Kamboni , en el sur de Somalia. [ 274 ] ​",https://es.wikipedia.org/wiki/Anexo:Intervenciones_militares_de_los_Estados_Unidos
2010,2011,2010s,,"Operación Nuevo Amanecer , el 17 de febrero de 2010, el Secretario de Defensa de Estados Unidos, Robert Gates , anunció que a partir del 1 de septiembre de 2010, el nombre ""Operación Libertad Iraquí"" sería reemplazado por ""Operación Nuevo Amanecer"". Esto coincide con la reducción de las tropas estadounidenses a 50.000.",https://es.wikipedia.org/wiki/Anexo:Intervenciones_militares_de_los_Estados_Unidos
2011,2011,2010s,Intervención militar en Libia de 2011,"Operación Odisea al Amanecer , Estados Unidos y la coalición hacen cumplir la Resolución 1973 del Consejo de Seguridad de la ONU con bombardeos contra las fuerzas libias.",https://es.wikipedia.org/wiki/Anexo:Intervenciones_militares_de_los_Estados_Unidos
2011,2011,2010s,,"Osama Bin Laden es asesinado por fuerzas militares estadounidenses en Abbottabad , Pakistán, como parte de la Operación Lanza de Neptuno .",https://es.wikipedia.org/wiki/Anexo:Intervenciones_militares_de_los_Estados_Unidos
2011,2011,2010s,,"Comienzan los ataques con aviones no tripulados contra militantes de Al Shabaab en Somalia. [ 275 ] ​ Se trata del sexto país en el que se han llevado a cabo ataques de este tipo, [ 276 ] ​ incluidos Afganistán, Pakistán, Irak, Yemen [ 277 ] ​ y Libia.",https://es.wikipedia.org/wiki/Anexo:Intervenciones_militares_de_los_Estados_Unidos
2012,2012,2010s,Jordania,150 tropas estadounidenses desplegadas en Jordania para ayudar a contener la guerra civil siria dentro de las fronteras de Siria . [ 279 ] ​,https://es.wikipedia.org/wiki/Anexo:Intervenciones_militares_de_los_Estados_Unidos
2012,2012,2010s,Turquía,400 soldados y dos baterías de misiles Patriot enviados a Turquía para evitar cualquier ataque con misiles desde Siria. [ 280 ] ​,https://es.wikipedia.org/wiki/Anexo:Intervenciones_militares_de_los_Estados_Unidos
2012,2012,2010s,Chad,"50 tropas estadounidenses se han desplegado en el país africano de Chad para ayudar a evacuar a los ciudadanos estadounidenses y al personal de la embajada de Bangui , la capital de la vecina República Centroafricana , ante los avances rebeldes hacia la ciudad .",https://es.wikipedia.org/wiki/Anexo:Intervenciones_militares_de_los_Estados_Unidos
2013,2013,2010s,Mali,Las fuerzas estadounidenses ayudaron a los franceses en la Operación Serval con reabastecimiento de combustible y aviones de transporte.,https://es.wikipedia.org/wiki/Anexo:Intervenciones_militares_de_los_Estados_Unidos
2013,2013,2010s,Somalia,"Aviones de la Fuerza Aérea estadounidense apoyaron a los franceses en el intento de rescate de rehenes de Bulo Marer . Sin embargo, no utilizaron armas. [ 281 ] ​",https://es.wikipedia.org/wiki/Anexo:Intervenciones_militares_de_los_Estados_Unidos
2013,2013,2010s,,Crisis coreana de 2013 .,https://es.wikipedia.org/wiki/Anexo:Intervenciones_militares_de_los_Estados_Unidos
2013,2013,2010s,,"Los Navy SEAL llevaron a cabo una redada en Somalia y posiblemente mataron a un alto funcionario de Al-Shabaab ; simultáneamente tuvo lugar otra redada en Trípoli , Libia , donde las Fuerzas de Operaciones Especiales capturaron a Abu Anas al Libi (también conocido como Anas al-Libi). [ 282 ] ​",https://es.wikipedia.org/wiki/Anexo:Intervenciones_militares_de_los_Estados_Unidos
2014,2021,2010s,Intervención estadounidense en Irak,"Cientos de tropas estadounidenses desplegadas para proteger los activos estadounidenses en Irak y asesorar a los combatientes iraquíes y kurdos. [ 284 ] ​ En agosto, la Fuerza Aérea de Estados Unidos llevó a cabo un lanzamiento aéreo humanitario y la Marina de Estados Unidos inició una serie de ataques aéreos contra fuerzas alineadas con el Estado Islámico en todo el norte de Irak. [ 285 ] ​ [ 286 ] ​",https://es.wikipedia.org/wiki/Anexo:Intervenciones_militares_de_los_Estados_Unidos
2014,2014,2010s,Misión de rescate estadounidense de 2014 en Siria,"Estados Unidos intentó rescatar a James Foley y otros rehenes retenidos por EIIL . Se llevaron a cabo ataques aéreos contra la base militar del EIIL conocida como ""campamento de Osama bin Laden "". Mientras tanto, durante los bombardeos, los equipos Delta se lanzaron en paracaídas cerca de una prisión de alto valor del EIIL. Las carreteras principales fueron bloqueadas para impedir que cualquier objetivo escapara. Cuando no se encontró ningún rehén, las tropas estadounidenses comenzaron registros casa por casa. En ese momento, militantes del EIIL comenzaron a llegar a la zona. Se produjeron intensos combates hasta que los estadounidenses decidieron abandonar la misión debido a que los rehenes no se encontraban en la zona. Aunque la misión fracasó, al menos cinco militantes del EIIL murieron, pero un soldado estadounidense resultó herido. Según los informes, Jordania tuvo un papel en la operación y un soldado jordano también resultó herido. Esto no fue confirmado.",https://es.wikipedia.org/wiki/Anexo:Intervenciones_militares_de_los_Estados_Unidos
2014,2014,2010s,Operaciones de rescate de rehenes en Yemen en 2014,"El 25 de noviembre, los SEAL de la Marina de los EE. UU. y las Fuerzas Especiales yemeníes lanzaron operaciones en Yemen en un intento de rescatar a ocho rehenes que estaban retenidos por al-Qaeda . Aunque la operación fue un éxito, no se consiguieron rehenes estadounidenses. En el primer intento fueron rescatados seis yemeníes, un saudí y un etíope. El 4 de diciembre de 2014, Al Qaeda en la península arábiga (AQAP) amenazó con ejecutar a los Somers si Estados Unidos no cumplía las órdenes no especificadas. AQAP también declaró que serían ejecutados si Estados Unidos intentaba otra operación de rescate. El 6 de diciembre se lanzó una segunda operación. 40 SEAL estadounidenses y 30 soldados yemeníes fueron desplegados en el complejo. Se produjo un tiroteo de 10 minutos antes de que las tropas estadounidenses pudieran ingresar al lugar donde estaban retenidos los rehenes restantes (Somers y Korkie). Estaban vivos, pero heridos de muerte. La cirugía se realizó en el aire mientras se alejaba del lugar. Korkie murió mientras volaba y Somers murió una vez que aterrizó en el USS Makin Island . Ningún soldado estadounidense resultó muerto o herido, pero un soldado yemení resultó herido.",https://es.wikipedia.org/wiki/Anexo:Intervenciones_militares_de_los_Estados_Unidos
2015,2015,2010s,,"30 de abril de 2015, Estados Unidos envía barcos al Estrecho de Ormuz para proteger a los buques después de la incautación iraní de un buque comercial, el MV Maersk Tigris . Irán disparó por encima de la proa y se apoderó del barco registrado en las Islas Marshall , como parte de una disputa legal de una década entre Irán y Maersk . [ 287 ] ​",https://es.wikipedia.org/wiki/Anexo:Intervenciones_militares_de_los_Estados_Unidos
2017,2017,2010s,Ataque con misiles de Shayrat de 2017,Misiles Tomahawk lanzados desde buques de guerra estadounidenses en el Mediterráneo alcanzaron una base aérea siria en la gobernación de Homs en respuesta a un ataque con armas químicas contra civiles al suroeste de Idlib . Siete murieron y nueve resultaron heridos. [ 289 ] ​,https://es.wikipedia.org/wiki/Anexo:Intervenciones_militares_de_los_Estados_Unidos
2018,2018,2010s,,Estados Unidos y sus aliados lanzaron ataques con misiles contra objetivos militares en Damasco y cerca de Homs en respuesta al ataque químico de Douma contra civiles en abril de 2018. [ 290 ] ​,https://es.wikipedia.org/wiki/Anexo:Intervenciones_militares_de_los_Estados_Unidos
2018,2018,2010s,,,https://es.wikipedia.org/wiki/Anexo:Intervenciones_militares_de_los_Estados_Unidos
2019,2019,2010s,Operación Sentinel,el Comando Central de EE. UU. estaba desarrollando un esfuerzo marítimo multinacional para aumentar la vigilancia y la seguridad en vías navegables clave en el Medio Oriente para garantizar la libertad de navegación. [ 291 ] ​,https://es.wikipedia.org/wiki/Anexo:Intervenciones_militares_de_los_Estados_Unidos
2019,2019,2010s,,,https://es.wikipedia.org/wiki/Anexo:Intervenciones_militares_de_los_Estados_Unidos
2020,2020,2020s,,"Respuesta al ataque a la embajada de Estados Unidos en Bagdad . La embajada de Estados Unidos en Bagdad fue sitiada el 31 de diciembre de 2019, luego de las represalias de Estados Unidos por un ataque del proiraní Kata'ib Hezbolá en el que cuatro miembros del servicio resultaron heridos y un contratista civil murió. En respuesta, se enviaron inmediatamente marines y aviones desde Kuwait para defender la embajada y supervisarla. El 2 de enero de 2020, Estados Unidos lanzó un ataque aéreo contra un convoy, matando al general de división de la Fuerza Quds iraní, Qasem Soleimani , y al líder de la milicia iraquí Abu Mahdi al-Muhandis . [ 292 ] ​ Se movilizaron 4.000 soldados estadounidenses adicionales a la región, incluidos unos 750 de la 82.ª División Aerotransportada . [ 293 ] ​ En un informe anual publicado por el Pentágono el 6 de mayo de 2020, citó que aproximadamente 132 civiles murieron en 2019 como parte de las operaciones militares estadounidenses en Irak, Afganistán, Somalia y Siria. El Departamento de Defensa (DoD) agregó que no se reportaron víctimas civiles durante las operaciones militares estadounidenses en las guerras civiles de Libia y Yemen, respectivamente. [ 294 ] ​",https://es.wikipedia.org/wiki/Anexo:Intervenciones_militares_de_los_Estados_Unidos
2021,2021,2020s,Ataque aéreo de Estados Unidos en Siria en febrero de 2021,"El 25 de febrero de 2021, el ejército de Estados Unidos llevó a cabo un ataque aéreo en un sitio que se cree que estaba ocupado por milicias iraquíes respaldadas por Irán que operaban desde el otro lado de la frontera en el este de Siria en respuesta a los recientes Ataques contra las fuerzas estadounidenses y de la coalición en Irak. [ 295 ] ​",https://es.wikipedia.org/wiki/Anexo:Intervenciones_militares_de_los_Estados_Unidos
2021,2021,2020s,,"27 de junio de 2021, el ejército estadounidense llevó a cabo ataques aéreos contra milicias respaldadas por Irán en ambos lados de la frontera entre Irak y Siria en respuesta a ataques con aviones no tripulados contra fuerzas e instalaciones estadounidenses en la región. [ 296 ] ​ [ 297 ] ​ [ 298 ] ​",https://es.wikipedia.org/wiki/Anexo:Intervenciones_militares_de_los_Estados_Unidos
2021,2021,2020s,Intervención militar estadounidense en Somalia (2007-presente),"El 20 de julio de 2021, se llevaron a cabo ataques aéreos militares estadounidenses contra militantes de al-Shabab en Somalia, los primeros de este tipo desde que las tropas estadounidenses se retiraron y el presidente Joe Biden asumió el cargo en enero de 2021. [ 299 ] ​ [ 300 ] ​ El 22 de julio de 2021, la Fuerza Aérea de Estados Unidos llevó a cabo nuevos ataques aéreos contra militantes de al-Shabab. [ 301 ] ​",https://es.wikipedia.org/wiki/Anexo:Intervenciones_militares_de_los_Estados_Unidos
2021,2021,2020s,Puente aéreo de Kabul de 2021,"Como parte de un esfuerzo multinacional en curso de los países socios de la OTAN para extraer a ciudadanos y socios afganos del país tras la caída de Kabul en 2021 en manos de los talibanes . Estados Unidos desplegó 6.000 soldados para tomar el control del Aeropuerto Internacional Hamid Karzai y servir como base de operaciones para el esfuerzo de evacuación. [ 302 ] ​ El DOD confirmó el 16 de agosto que el general Kenneth F. McKenzie Jr. , comandante del Comando Central de los Estados Unidos , se había reunido con líderes talibanes en Catar para lograr un acuerdo. Según se informa, los talibanes aceptaron permitir que los vuelos de evacuación estadounidenses en el aeropuerto de Kabul se desarrollaran sin obstáculos. [ 303 ] ​ El transporte aéreo internacional de evacuados se reanudó el 17 de agosto luego de una interrupción temporal para despejar la pista de civiles cuando el Departamento de Defensa confirmó que el aeropuerto estaba abierto para todos los vuelos militares y vuelos comerciales limitados. [ 304 ] ​ Los funcionarios del Pentágono agregaron que se esperaba que los esfuerzos de evacuación se aceleraran y estaban programados para continuar hasta el 31 de agosto. [ 305 ] ​ En la tarde del 22 de agosto, Lloyd Austin , Secretario de Defensa de los Estados Unidos , ordenó la activación de la Flota Aérea de Reserva Civil estadounidense para ayudar en las evacuaciones, siendo sólo la tercera vez en la historia que se activaba la flota. [ 306 ] ​ El 26 de agosto de 2021, se produjeron dos ataques suicidas frente a las puertas del aeropuerto de Kabul, en los que murieron al menos 170 personas, incluidos 13 militares estadounidenses (11 marines, un soldado y un médico de la Armada), [ 307 ] ​ junto con más de 150 heridos. [ 308 ] ​ El 27 de agosto de 2021, las fuerzas militares estadounidenses llevaron a cabo un ataque con aviones no tripulados en la provincia de Nangarhar , Afganistán , contra un presunto ""planificador"" de la organización militante ISIS-K en respuesta al ataque al aeropuerto de Kabul que ocurrió el 26 de agosto de 2021. [ 309 ] ​ El 6 de septiembre de 2021, Estados Unidos evacuó a cuatro ciudadanos estadounidenses (específicamente, una mujer de Amarillo , Texas y sus tres hijos) de Afganistán por una ruta terrestre, lo que marcó la primera evacuación terrestre facilitada por el Departamento de Estado de Estados Unidos desde la retirada militar. Los talibanes estaban al tanto de la evacuación y no hicieron ningún esfuerzo por detenerla. [ 310 ] ​ [ 311 ] ​ El 17 de septiembre de 2021, el comandante del CENTCOM de EE. UU., general Frank MacKenzie , anunció que una investigación realizada por el ejército estadounidense sobre el ataque con drones antes mencionado encontró que mató a 10 civiles (incluidos 7 niños y un trabajador humanitario estadounidense), y que el vehículo atacado probablemente no era una amenaza asociada con ISIS-K. [ 312 ] ​ [ 313 ] ​ [ 314 ] ​ En diciembre de 2021, en respuesta al ataque errante de agosto, el Pentágono declaró que ningún personal militar estadounidense involucrado sería disciplinado. [ 315 ] ​ [ 316 ] ​ En noviembre de 2021, el Departamento de Estado de EE. UU. cree que hasta 14.000 residentes permanentes legales estadounidenses permanecen en Afganistán. [ 317 ] ​",https://es.wikipedia.org/wiki/Anexo:Intervenciones_militares_de_los_Estados_Unidos
2021,2021,2020s,,"El 22 de octubre de 2021, un ataque aéreo estadounidense en el noroeste de Siria mató al líder de alto rango de Al Qaeda, Abdul Hamid al-Matar, como parte de las operaciones antiterroristas en curso en la región. [ 318 ] ​",https://es.wikipedia.org/wiki/Anexo:Intervenciones_militares_de_los_Estados_Unidos
2022,2022,2020s,,"El 31 de julio de 2022, el líder de Al Qaeda, Ayman al-Zawahiri , fue asesinado en Afganistán en un ataque con aviones no tripulados estadounidenses. [ 319 ] ​",https://es.wikipedia.org/wiki/Anexo:Intervenciones_militares_de_los_Estados_Unidos
2023,2023,2020s,Operación Guardián de la Prosperidad,"El 18 de diciembre de 2023, el Secretario de Defensa de los Estados Unidos , Lloyd Austin , anunció la formación de una fuerza de seguridad marítima internacional en el marco de la “Operación Guardián de la Prosperidad”, cuyo objetivo es contrarrestar las amenazas de las fuerzas hutíes contra el comercio marítimo internacional tras semanas de ataques contra buques comerciales .",https://es.wikipedia.org/wiki/Anexo:Intervenciones_militares_de_los_Estados_Unidos
2025,2025,2020s,Operación Rough Rider,"En marzo de 2025, Estados Unidos lanzó una amplia campaña de ataques aéreos y navales contra objetivos hutíes en Yemen . Con el nombre en clave de Operación Rough Rider, ha sido la mayor operación militar estadounidense en Oriente Medio durante el segundo mandato del presidente Donald Trump. Los ataques comenzaron el 15 de marzo, con objetivos en sistemas de radar, defensas aéreas y bases de lanzamiento balístico y de drones utilizadas por los hutíes para atacar buques comerciales y navales en el Mar Rojo y el Golfo de Adén.",https://es.wikipedia.org/wiki/Anexo:Intervenciones_militares_de_los_Estados_Unidos
2025,2025,2020s,Operación Martillo de Medianoche,"El 22 de junio de 2025, la Fuerza Aérea y la Armada de los Estados Unidos atacaron tres instalaciones nucleares en Irán como parte de la Guerra Irán-Israel , bajo el nombre en clave de Operación Martillo de Medianoche. Siete bombarderos estratégicos B-2 atacaron varias instalaciones nucleares iraníes. Esta fue la única acción ofensiva estadounidense durante la guerra entre Israel e Irán.",https://es.wikipedia.org/wiki/Anexo:Intervenciones_militares_de_los_Estados_Unidos
2025,2025,2020s,,,https://es.wikipedia.org/wiki/Anexo:Intervenciones_militares_de_los_Estados_Unidos
2025,2025,2020s,,,https://es.wikipedia.org/wiki/Anexo:Intervenciones_militares_de_los_Estados_Unidos
2025,2025,2020s,,,https://es.wikipedia.org/wiki/Anexo:Intervenciones_militares_de_los_Estados_Unidos
2026,2026,2020s,,,https://es.wikipedia.org/wiki/Anexo:Intervenciones_militares_de_los_Estados_Unidos
